[
{
  "model": "contenttypes.contenttype",
  "pk": 1,
  "fields": {
    "app_label": "admin",
    "model": "logentry"
  }
},
{
  "model": "contenttypes.contenttype",
  "pk": 2,
  "fields": {
    "app_label": "auth",
    "model": "permission"
  }
},
{
  "model": "contenttypes.contenttype",
  "pk": 3,
  "fields": {
    "app_label": "auth",
    "model": "group"
  }
},
{
  "model": "contenttypes.contenttype",
  "pk": 4,
  "fields": {
    "app_label": "contenttypes",
    "model": "contenttype"
  }
},
{
  "model": "contenttypes.contenttype",
  "pk": 5,
  "fields": {
    "app_label": "sessions",
    "model": "session"
  }
},
{
  "model": "contenttypes.contenttype",
  "pk": 6,
  "fields": {
    "app_label": "authtoken",
    "model": "token"
  }
},
{
  "model": "contenttypes.contenttype",
  "pk": 7,
  "fields": {
    "app_label": "core",
    "model": "user"
  }
},
{
  "model": "contenttypes.contenttype",
  "pk": 8,
  "fields": {
    "app_label": "nslc",
    "model": "channel"
  }
},
{
  "model": "contenttypes.contenttype",
  "pk": 9,
  "fields": {
    "app_label": "nslc",
    "model": "network"
  }
},
{
  "model": "contenttypes.contenttype",
  "pk": 10,
  "fields": {
    "app_label": "nslc",
    "model": "station"
  }
},
{
  "model": "contenttypes.contenttype",
  "pk": 11,
  "fields": {
    "app_label": "nslc",
    "model": "group"
  }
},
{
  "model": "contenttypes.contenttype",
  "pk": 12,
  "fields": {
    "app_label": "measurement",
    "model": "metric"
  }
},
{
  "model": "contenttypes.contenttype",
  "pk": 13,
  "fields": {
    "app_label": "measurement",
    "model": "measurement"
  }
},
{
  "model": "contenttypes.contenttype",
  "pk": 14,
  "fields": {
    "app_label": "dashboard",
    "model": "dashboard"
  }
},
{
  "model": "contenttypes.contenttype",
  "pk": 15,
  "fields": {
    "app_label": "dashboard",
    "model": "widget"
  }
},
{
  "model": "contenttypes.contenttype",
  "pk": 16,
  "fields": {
    "app_label": "dashboard",
    "model": "widgettype"
  }
},
{
  "model": "sessions.session",
  "pk": "myels16cn4u6gtnn5ehc1dasxyeq0sj6",
  "fields": {
    "session_data": "ZDAwNjUzMWJjMzE5M2M4MTQ0ODhhNzQ1MGNhNTUwMjFlNzUyYzBkNzp7Il9hdXRoX3VzZXJfaWQiOiIyIiwiX2F1dGhfdXNlcl9iYWNrZW5kIjoiZGphbmdvLmNvbnRyaWIuYXV0aC5iYWNrZW5kcy5Nb2RlbEJhY2tlbmQiLCJfYXV0aF91c2VyX2hhc2giOiIwNmM0MDYzOTJmZGQ4YjYzYzE3NjE3YmVjNDNlNzc2OGI3MjZhYmJmIn0=",
    "expire_date": "2019-08-30T16:32:42.037Z"
  }
},
{
  "model": "auth.permission",
  "pk": 1,
  "fields": {
    "name": "Can add log entry",
    "content_type": 1,
    "codename": "add_logentry"
  }
},
{
  "model": "auth.permission",
  "pk": 2,
  "fields": {
    "name": "Can change log entry",
    "content_type": 1,
    "codename": "change_logentry"
  }
},
{
  "model": "auth.permission",
  "pk": 3,
  "fields": {
    "name": "Can delete log entry",
    "content_type": 1,
    "codename": "delete_logentry"
  }
},
{
  "model": "auth.permission",
  "pk": 4,
  "fields": {
    "name": "Can view log entry",
    "content_type": 1,
    "codename": "view_logentry"
  }
},
{
  "model": "auth.permission",
  "pk": 5,
  "fields": {
    "name": "Can add permission",
    "content_type": 2,
    "codename": "add_permission"
  }
},
{
  "model": "auth.permission",
  "pk": 6,
  "fields": {
    "name": "Can change permission",
    "content_type": 2,
    "codename": "change_permission"
  }
},
{
  "model": "auth.permission",
  "pk": 7,
  "fields": {
    "name": "Can delete permission",
    "content_type": 2,
    "codename": "delete_permission"
  }
},
{
  "model": "auth.permission",
  "pk": 8,
  "fields": {
    "name": "Can view permission",
    "content_type": 2,
    "codename": "view_permission"
  }
},
{
  "model": "auth.permission",
  "pk": 9,
  "fields": {
    "name": "Can add group",
    "content_type": 3,
    "codename": "add_group"
  }
},
{
  "model": "auth.permission",
  "pk": 10,
  "fields": {
    "name": "Can change group",
    "content_type": 3,
    "codename": "change_group"
  }
},
{
  "model": "auth.permission",
  "pk": 11,
  "fields": {
    "name": "Can delete group",
    "content_type": 3,
    "codename": "delete_group"
  }
},
{
  "model": "auth.permission",
  "pk": 12,
  "fields": {
    "name": "Can view group",
    "content_type": 3,
    "codename": "view_group"
  }
},
{
  "model": "auth.permission",
  "pk": 13,
  "fields": {
    "name": "Can add content type",
    "content_type": 4,
    "codename": "add_contenttype"
  }
},
{
  "model": "auth.permission",
  "pk": 14,
  "fields": {
    "name": "Can change content type",
    "content_type": 4,
    "codename": "change_contenttype"
  }
},
{
  "model": "auth.permission",
  "pk": 15,
  "fields": {
    "name": "Can delete content type",
    "content_type": 4,
    "codename": "delete_contenttype"
  }
},
{
  "model": "auth.permission",
  "pk": 16,
  "fields": {
    "name": "Can view content type",
    "content_type": 4,
    "codename": "view_contenttype"
  }
},
{
  "model": "auth.permission",
  "pk": 17,
  "fields": {
    "name": "Can add session",
    "content_type": 5,
    "codename": "add_session"
  }
},
{
  "model": "auth.permission",
  "pk": 18,
  "fields": {
    "name": "Can change session",
    "content_type": 5,
    "codename": "change_session"
  }
},
{
  "model": "auth.permission",
  "pk": 19,
  "fields": {
    "name": "Can delete session",
    "content_type": 5,
    "codename": "delete_session"
  }
},
{
  "model": "auth.permission",
  "pk": 20,
  "fields": {
    "name": "Can view session",
    "content_type": 5,
    "codename": "view_session"
  }
},
{
  "model": "auth.permission",
  "pk": 21,
  "fields": {
    "name": "Can add Token",
    "content_type": 6,
    "codename": "add_token"
  }
},
{
  "model": "auth.permission",
  "pk": 22,
  "fields": {
    "name": "Can change Token",
    "content_type": 6,
    "codename": "change_token"
  }
},
{
  "model": "auth.permission",
  "pk": 23,
  "fields": {
    "name": "Can delete Token",
    "content_type": 6,
    "codename": "delete_token"
  }
},
{
  "model": "auth.permission",
  "pk": 24,
  "fields": {
    "name": "Can view Token",
    "content_type": 6,
    "codename": "view_token"
  }
},
{
  "model": "auth.permission",
  "pk": 25,
  "fields": {
    "name": "Can add user",
    "content_type": 7,
    "codename": "add_user"
  }
},
{
  "model": "auth.permission",
  "pk": 26,
  "fields": {
    "name": "Can change user",
    "content_type": 7,
    "codename": "change_user"
  }
},
{
  "model": "auth.permission",
  "pk": 27,
  "fields": {
    "name": "Can delete user",
    "content_type": 7,
    "codename": "delete_user"
  }
},
{
  "model": "auth.permission",
  "pk": 28,
  "fields": {
    "name": "Can view user",
    "content_type": 7,
    "codename": "view_user"
  }
},
{
  "model": "auth.permission",
  "pk": 29,
  "fields": {
    "name": "Can add channel",
    "content_type": 8,
    "codename": "add_channel"
  }
},
{
  "model": "auth.permission",
  "pk": 30,
  "fields": {
    "name": "Can change channel",
    "content_type": 8,
    "codename": "change_channel"
  }
},
{
  "model": "auth.permission",
  "pk": 31,
  "fields": {
    "name": "Can delete channel",
    "content_type": 8,
    "codename": "delete_channel"
  }
},
{
  "model": "auth.permission",
  "pk": 32,
  "fields": {
    "name": "Can view channel",
    "content_type": 8,
    "codename": "view_channel"
  }
},
{
  "model": "auth.permission",
  "pk": 33,
  "fields": {
    "name": "Can add network",
    "content_type": 9,
    "codename": "add_network"
  }
},
{
  "model": "auth.permission",
  "pk": 34,
  "fields": {
    "name": "Can change network",
    "content_type": 9,
    "codename": "change_network"
  }
},
{
  "model": "auth.permission",
  "pk": 35,
  "fields": {
    "name": "Can delete network",
    "content_type": 9,
    "codename": "delete_network"
  }
},
{
  "model": "auth.permission",
  "pk": 36,
  "fields": {
    "name": "Can view network",
    "content_type": 9,
    "codename": "view_network"
  }
},
{
  "model": "auth.permission",
  "pk": 37,
  "fields": {
    "name": "Can add station",
    "content_type": 10,
    "codename": "add_station"
  }
},
{
  "model": "auth.permission",
  "pk": 38,
  "fields": {
    "name": "Can change station",
    "content_type": 10,
    "codename": "change_station"
  }
},
{
  "model": "auth.permission",
  "pk": 39,
  "fields": {
    "name": "Can delete station",
    "content_type": 10,
    "codename": "delete_station"
  }
},
{
  "model": "auth.permission",
  "pk": 40,
  "fields": {
    "name": "Can view station",
    "content_type": 10,
    "codename": "view_station"
  }
},
{
  "model": "auth.permission",
  "pk": 41,
  "fields": {
    "name": "Can add group",
    "content_type": 11,
    "codename": "add_group"
  }
},
{
  "model": "auth.permission",
  "pk": 42,
  "fields": {
    "name": "Can change group",
    "content_type": 11,
    "codename": "change_group"
  }
},
{
  "model": "auth.permission",
  "pk": 43,
  "fields": {
    "name": "Can delete group",
    "content_type": 11,
    "codename": "delete_group"
  }
},
{
  "model": "auth.permission",
  "pk": 44,
  "fields": {
    "name": "Can view group",
    "content_type": 11,
    "codename": "view_group"
  }
},
{
  "model": "auth.permission",
  "pk": 45,
  "fields": {
    "name": "Can add metric",
    "content_type": 12,
    "codename": "add_metric"
  }
},
{
  "model": "auth.permission",
  "pk": 46,
  "fields": {
    "name": "Can change metric",
    "content_type": 12,
    "codename": "change_metric"
  }
},
{
  "model": "auth.permission",
  "pk": 47,
  "fields": {
    "name": "Can delete metric",
    "content_type": 12,
    "codename": "delete_metric"
  }
},
{
  "model": "auth.permission",
  "pk": 48,
  "fields": {
    "name": "Can view metric",
    "content_type": 12,
    "codename": "view_metric"
  }
},
{
  "model": "auth.permission",
  "pk": 49,
  "fields": {
    "name": "Can add measurement",
    "content_type": 13,
    "codename": "add_measurement"
  }
},
{
  "model": "auth.permission",
  "pk": 50,
  "fields": {
    "name": "Can change measurement",
    "content_type": 13,
    "codename": "change_measurement"
  }
},
{
  "model": "auth.permission",
  "pk": 51,
  "fields": {
    "name": "Can delete measurement",
    "content_type": 13,
    "codename": "delete_measurement"
  }
},
{
  "model": "auth.permission",
  "pk": 52,
  "fields": {
    "name": "Can view measurement",
    "content_type": 13,
    "codename": "view_measurement"
  }
},
{
  "model": "auth.permission",
  "pk": 53,
  "fields": {
    "name": "Can add dashboard",
    "content_type": 14,
    "codename": "add_dashboard"
  }
},
{
  "model": "auth.permission",
  "pk": 54,
  "fields": {
    "name": "Can change dashboard",
    "content_type": 14,
    "codename": "change_dashboard"
  }
},
{
  "model": "auth.permission",
  "pk": 55,
  "fields": {
    "name": "Can delete dashboard",
    "content_type": 14,
    "codename": "delete_dashboard"
  }
},
{
  "model": "auth.permission",
  "pk": 56,
  "fields": {
    "name": "Can view dashboard",
    "content_type": 14,
    "codename": "view_dashboard"
  }
},
{
  "model": "auth.permission",
  "pk": 57,
  "fields": {
    "name": "Can add widget",
    "content_type": 15,
    "codename": "add_widget"
  }
},
{
  "model": "auth.permission",
  "pk": 58,
  "fields": {
    "name": "Can change widget",
    "content_type": 15,
    "codename": "change_widget"
  }
},
{
  "model": "auth.permission",
  "pk": 59,
  "fields": {
    "name": "Can delete widget",
    "content_type": 15,
    "codename": "delete_widget"
  }
},
{
  "model": "auth.permission",
  "pk": 60,
  "fields": {
    "name": "Can view widget",
    "content_type": 15,
    "codename": "view_widget"
  }
},
{
  "model": "auth.permission",
  "pk": 61,
  "fields": {
    "name": "Can add widget type",
    "content_type": 16,
    "codename": "add_widgettype"
  }
},
{
  "model": "auth.permission",
  "pk": 62,
  "fields": {
    "name": "Can change widget type",
    "content_type": 16,
    "codename": "change_widgettype"
  }
},
{
  "model": "auth.permission",
  "pk": 63,
  "fields": {
    "name": "Can delete widget type",
    "content_type": 16,
    "codename": "delete_widgettype"
  }
},
{
  "model": "auth.permission",
  "pk": 64,
  "fields": {
    "name": "Can view widget type",
    "content_type": 16,
    "codename": "view_widgettype"
  }
},
{
  "model": "core.user",
  "pk": 1,
  "fields": {
    "password": "pbkdf2_sha256$150000$IUGE9aXL34Nv$l7UY3gwXrppOK8/nmurBOFcTbUuptHh723Y728AC/W0=",
    "last_login": null,
    "is_superuser": false,
    "email": "loader@pnsn.org",
    "name": "",
    "is_active": true,
    "is_staff": false,
    "groups": [],
    "user_permissions": []
  }
},
{
  "model": "core.user",
  "pk": 2,
  "fields": {
    "password": "pbkdf2_sha256$150000$LRMcsfIN6b6w$crKRH3kxX1ihk2I/YYXvo9ULyznnNvgukqOk8R8cFps=",
    "last_login": "2019-08-16T16:32:42.032Z",
    "is_superuser": true,
    "email": "jt.clayton92@yahoo.com",
    "name": "",
    "is_active": true,
    "is_staff": true,
    "groups": [],
    "user_permissions": []
  }
},
{
  "model": "nslc.network",
  "pk": 181,
  "fields": {
    "name": "United States",
    "description": null,
    "created_at": "2019-08-19T19:54:09.909Z",
    "updated_at": "2019-08-19T19:54:09.909Z",
    "user": 1,
    "code": "us"
  }
},
{
  "model": "nslc.network",
  "pk": 182,
  "fields": {
    "name": "Leo Brady",
    "description": null,
    "created_at": "2019-08-19T19:54:09.916Z",
    "updated_at": "2019-08-19T19:54:09.916Z",
    "user": 1,
    "code": "lb"
  }
},
{
  "model": "nslc.network",
  "pk": 183,
  "fields": {
    "name": "University of Washington",
    "description": null,
    "created_at": "2019-08-19T19:54:09.921Z",
    "updated_at": "2019-08-19T19:54:09.922Z",
    "user": 1,
    "code": "uw"
  }
},
{
  "model": "nslc.network",
  "pk": 184,
  "fields": {
    "name": "Neptune Canada",
    "description": null,
    "created_at": "2019-08-19T19:54:09.928Z",
    "updated_at": "2019-08-19T19:54:09.928Z",
    "user": 1,
    "code": "nv"
  }
},
{
  "model": "nslc.network",
  "pk": 185,
  "fields": {
    "name": "Global Seismic",
    "description": null,
    "created_at": "2019-08-19T19:54:09.934Z",
    "updated_at": "2019-08-19T19:54:09.935Z",
    "user": 1,
    "code": "iu"
  }
},
{
  "model": "nslc.network",
  "pk": 186,
  "fields": {
    "name": "Northern California",
    "description": null,
    "created_at": "2019-08-19T19:54:09.941Z",
    "updated_at": "2019-08-19T19:54:09.941Z",
    "user": 1,
    "code": "nc"
  }
},
{
  "model": "nslc.network",
  "pk": 187,
  "fields": {
    "name": "Ocean Observatory",
    "description": null,
    "created_at": "2019-08-19T19:54:09.949Z",
    "updated_at": "2019-08-19T19:54:09.949Z",
    "user": 1,
    "code": "oo"
  }
},
{
  "model": "nslc.network",
  "pk": 188,
  "fields": {
    "name": "Nevada",
    "description": null,
    "created_at": "2019-08-19T19:54:09.955Z",
    "updated_at": "2019-08-19T19:54:09.955Z",
    "user": 1,
    "code": "nn"
  }
},
{
  "model": "nslc.network",
  "pk": 189,
  "fields": {
    "name": "Southern California",
    "description": null,
    "created_at": "2019-08-19T19:54:09.961Z",
    "updated_at": "2019-08-19T19:54:09.962Z",
    "user": 1,
    "code": "ci"
  }
},
{
  "model": "nslc.network",
  "pk": 190,
  "fields": {
    "name": "Montana",
    "description": null,
    "created_at": "2019-08-19T19:54:09.968Z",
    "updated_at": "2019-08-19T19:54:09.968Z",
    "user": 1,
    "code": "mb"
  }
},
{
  "model": "nslc.network",
  "pk": 191,
  "fields": {
    "name": "Canada",
    "description": null,
    "created_at": "2019-08-19T19:54:09.975Z",
    "updated_at": "2019-08-19T19:54:09.975Z",
    "user": 1,
    "code": "cn"
  }
},
{
  "model": "nslc.network",
  "pk": 192,
  "fields": {
    "name": "Berkley",
    "description": null,
    "created_at": "2019-08-19T19:54:09.982Z",
    "updated_at": "2019-08-19T19:54:09.982Z",
    "user": 1,
    "code": "bk"
  }
},
{
  "model": "nslc.network",
  "pk": 193,
  "fields": {
    "name": "Strong Motion Network",
    "description": null,
    "created_at": "2019-08-19T19:54:09.989Z",
    "updated_at": "2019-08-19T19:54:09.989Z",
    "user": 1,
    "code": "np"
  }
},
{
  "model": "nslc.network",
  "pk": 194,
  "fields": {
    "name": "Transportable Array",
    "description": null,
    "created_at": "2019-08-19T19:54:09.996Z",
    "updated_at": "2019-08-19T19:54:09.996Z",
    "user": 1,
    "code": "ta"
  }
},
{
  "model": "nslc.network",
  "pk": 195,
  "fields": {
    "name": "Cascade Volcanic Observatory",
    "description": null,
    "created_at": "2019-08-19T19:54:10.002Z",
    "updated_at": "2019-08-19T19:54:10.002Z",
    "user": 1,
    "code": "cc"
  }
},
{
  "model": "nslc.network",
  "pk": 196,
  "fields": {
    "name": "Plate Boundary Observatory",
    "description": null,
    "created_at": "2019-08-19T19:54:10.010Z",
    "updated_at": "2019-08-19T19:54:10.010Z",
    "user": 1,
    "code": "pb"
  }
},
{
  "model": "nslc.network",
  "pk": 197,
  "fields": {
    "name": "University of Oregon",
    "description": null,
    "created_at": "2019-08-19T19:54:10.017Z",
    "updated_at": "2019-08-19T19:54:10.017Z",
    "user": 1,
    "code": "uo"
  }
},
{
  "model": "nslc.network",
  "pk": 198,
  "fields": {
    "name": "Hanford",
    "description": null,
    "created_at": "2019-08-19T19:54:10.023Z",
    "updated_at": "2019-08-19T19:54:10.024Z",
    "user": 1,
    "code": "hw"
  }
},
{
  "model": "nslc.station",
  "pk": 1321,
  "fields": {
    "name": "Reedsport, OR, USA",
    "description": null,
    "created_at": "2019-08-19T19:54:10.034Z",
    "updated_at": "2019-08-19T19:54:10.034Z",
    "user": 1,
    "code": "reed",
    "network": 183
  }
},
{
  "model": "nslc.station",
  "pk": 1322,
  "fields": {
    "name": "Seattle Liquefaction Array",
    "description": null,
    "created_at": "2019-08-19T19:54:10.077Z",
    "updated_at": "2019-08-19T19:54:10.077Z",
    "user": 1,
    "code": "sla",
    "network": 183
  }
},
{
  "model": "nslc.station",
  "pk": 1323,
  "fields": {
    "name": "Toketee, OR, USA",
    "description": null,
    "created_at": "2019-08-19T19:54:10.101Z",
    "updated_at": "2019-08-19T19:54:10.101Z",
    "user": 1,
    "code": "dfaz",
    "network": 197
  }
},
{
  "model": "nslc.station",
  "pk": 1324,
  "fields": {
    "name": "Kings Valley Charter School, Philomath, OR, USA",
    "description": null,
    "created_at": "2019-08-19T19:54:10.130Z",
    "updated_at": "2019-08-19T19:54:10.130Z",
    "user": 1,
    "code": "kvcs",
    "network": 197
  }
},
{
  "model": "nslc.channel",
  "pk": 4425,
  "fields": {
    "name": "HNN",
    "description": null,
    "created_at": "2019-08-19T19:54:10.044Z",
    "updated_at": "2019-08-19T19:54:10.044Z",
    "user": 1,
    "code": "hnn",
    "sample_rate": -1.0,
    "loc": "--",
    "lat": 43.70128,
    "lon": -124.10751,
    "elev": 5.0,
    "station": 1321
  }
},
{
  "model": "nslc.channel",
  "pk": 4426,
  "fields": {
    "name": "HNZ",
    "description": null,
    "created_at": "2019-08-19T19:54:10.056Z",
    "updated_at": "2019-08-19T19:54:10.056Z",
    "user": 1,
    "code": "hnz",
    "sample_rate": -1.0,
    "loc": "--",
    "lat": 43.70128,
    "lon": -124.10751,
    "elev": 5.0,
    "station": 1321
  }
},
{
  "model": "nslc.channel",
  "pk": 4427,
  "fields": {
    "name": "HNE",
    "description": null,
    "created_at": "2019-08-19T19:54:10.069Z",
    "updated_at": "2019-08-19T19:54:10.069Z",
    "user": 1,
    "code": "hne",
    "sample_rate": -1.0,
    "loc": "--",
    "lat": 43.70128,
    "lon": -124.10751,
    "elev": 5.0,
    "station": 1321
  }
},
{
  "model": "nslc.channel",
  "pk": 4428,
  "fields": {
    "name": "HN1",
    "description": null,
    "created_at": "2019-08-19T19:54:10.083Z",
    "updated_at": "2019-08-19T19:54:10.083Z",
    "user": 1,
    "code": "hn1",
    "sample_rate": -1.0,
    "loc": "00",
    "lat": 47.58209,
    "lon": -122.33145,
    "elev": 6.0,
    "station": 1322
  }
},
{
  "model": "nslc.channel",
  "pk": 4429,
  "fields": {
    "name": "HN2",
    "description": null,
    "created_at": "2019-08-19T19:54:10.093Z",
    "updated_at": "2019-08-19T19:54:10.093Z",
    "user": 1,
    "code": "hn2",
    "sample_rate": -1.0,
    "loc": "00",
    "lat": 47.58209,
    "lon": -122.33145,
    "elev": 6.0,
    "station": 1322
  }
},
{
  "model": "nslc.channel",
  "pk": 4430,
  "fields": {
    "name": "ENE",
    "description": null,
    "created_at": "2019-08-19T19:54:10.109Z",
    "updated_at": "2019-08-19T19:54:10.109Z",
    "user": 1,
    "code": "ene",
    "sample_rate": -1.0,
    "loc": "--",
    "lat": 43.24055,
    "lon": -122.10925,
    "elev": 1948.0,
    "station": 1323
  }
},
{
  "model": "nslc.channel",
  "pk": 4431,
  "fields": {
    "name": "ENN",
    "description": null,
    "created_at": "2019-08-19T19:54:10.118Z",
    "updated_at": "2019-08-19T19:54:10.118Z",
    "user": 1,
    "code": "enn",
    "sample_rate": -1.0,
    "loc": "--",
    "lat": 43.24055,
    "lon": -122.10925,
    "elev": 1948.0,
    "station": 1323
  }
},
{
  "model": "nslc.channel",
  "pk": 4432,
  "fields": {
    "name": "ENZ",
    "description": null,
    "created_at": "2019-08-19T19:54:10.125Z",
    "updated_at": "2019-08-19T19:54:10.125Z",
    "user": 1,
    "code": "enz",
    "sample_rate": -1.0,
    "loc": "--",
    "lat": 43.24055,
    "lon": -122.10925,
    "elev": 1948.0,
    "station": 1323
  }
},
{
  "model": "nslc.channel",
  "pk": 4433,
  "fields": {
    "name": "HNE",
    "description": null,
    "created_at": "2019-08-19T19:54:10.135Z",
    "updated_at": "2019-08-19T19:54:10.135Z",
    "user": 1,
    "code": "hne",
    "sample_rate": -1.0,
    "loc": "--",
    "lat": 44.69453,
    "lon": -123.43416,
    "elev": 94.0,
    "station": 1324
  }
},
{
  "model": "nslc.channel",
  "pk": 4434,
  "fields": {
    "name": "HNN",
    "description": null,
    "created_at": "2019-08-19T19:54:10.142Z",
    "updated_at": "2019-08-19T19:54:10.142Z",
    "user": 1,
    "code": "hnn",
    "sample_rate": -1.0,
    "loc": "--",
    "lat": 44.69453,
    "lon": -123.43416,
    "elev": 94.0,
    "station": 1324
  }
},
{
  "model": "nslc.group",
  "pk": 165,
  "fields": {
    "user": 1,
    "name": "US-All",
    "description": "All US stations",
    "is_public": false,
    "created_at": "2019-08-19T19:54:10.145Z",
    "updated_at": "2019-08-19T19:54:10.145Z",
    "channels": []
  }
},
{
  "model": "nslc.group",
  "pk": 166,
  "fields": {
    "user": 1,
    "name": "LB-All",
    "description": "All LB stations",
    "is_public": false,
    "created_at": "2019-08-19T19:54:10.150Z",
    "updated_at": "2019-08-19T19:54:10.150Z",
    "channels": []
  }
},
{
  "model": "nslc.group",
  "pk": 167,
  "fields": {
    "user": 1,
    "name": "UW-All",
    "description": "All UW stations",
    "is_public": false,
    "created_at": "2019-08-19T19:54:10.153Z",
    "updated_at": "2019-08-19T19:54:10.153Z",
    "channels": [
      4425,
      4426,
      4427,
      4428,
      4429
    ]
  }
},
{
  "model": "nslc.group",
  "pk": 168,
  "fields": {
    "user": 1,
    "name": "NV-All",
    "description": "All NV stations",
    "is_public": false,
    "created_at": "2019-08-19T19:54:10.189Z",
    "updated_at": "2019-08-19T19:54:10.189Z",
    "channels": []
  }
},
{
  "model": "nslc.group",
  "pk": 169,
  "fields": {
    "user": 1,
    "name": "IU-All",
    "description": "All IU stations",
    "is_public": false,
    "created_at": "2019-08-19T19:54:10.195Z",
    "updated_at": "2019-08-19T19:54:10.195Z",
    "channels": []
  }
},
{
  "model": "nslc.group",
  "pk": 170,
  "fields": {
    "user": 1,
    "name": "NC-All",
    "description": "All NC stations",
    "is_public": false,
    "created_at": "2019-08-19T19:54:10.200Z",
    "updated_at": "2019-08-19T19:54:10.200Z",
    "channels": []
  }
},
{
  "model": "nslc.group",
  "pk": 171,
  "fields": {
    "user": 1,
    "name": "OO-All",
    "description": "All OO stations",
    "is_public": false,
    "created_at": "2019-08-19T19:54:10.205Z",
    "updated_at": "2019-08-19T19:54:10.205Z",
    "channels": []
  }
},
{
  "model": "nslc.group",
  "pk": 172,
  "fields": {
    "user": 1,
    "name": "NN-All",
    "description": "All NN stations",
    "is_public": false,
    "created_at": "2019-08-19T19:54:10.210Z",
    "updated_at": "2019-08-19T19:54:10.210Z",
    "channels": []
  }
},
{
  "model": "nslc.group",
  "pk": 173,
  "fields": {
    "user": 1,
    "name": "CI-All",
    "description": "All CI stations",
    "is_public": false,
    "created_at": "2019-08-19T19:54:10.216Z",
    "updated_at": "2019-08-19T19:54:10.216Z",
    "channels": []
  }
},
{
  "model": "nslc.group",
  "pk": 174,
  "fields": {
    "user": 1,
    "name": "MB-All",
    "description": "All MB stations",
    "is_public": false,
    "created_at": "2019-08-19T19:54:10.220Z",
    "updated_at": "2019-08-19T19:54:10.220Z",
    "channels": []
  }
},
{
  "model": "nslc.group",
  "pk": 175,
  "fields": {
    "user": 1,
    "name": "CN-All",
    "description": "All CN stations",
    "is_public": false,
    "created_at": "2019-08-19T19:54:10.225Z",
    "updated_at": "2019-08-19T19:54:10.225Z",
    "channels": []
  }
},
{
  "model": "nslc.group",
  "pk": 176,
  "fields": {
    "user": 1,
    "name": "BK-All",
    "description": "All BK stations",
    "is_public": false,
    "created_at": "2019-08-19T19:54:10.229Z",
    "updated_at": "2019-08-19T19:54:10.229Z",
    "channels": []
  }
},
{
  "model": "nslc.group",
  "pk": 177,
  "fields": {
    "user": 1,
    "name": "NP-All",
    "description": "All NP stations",
    "is_public": false,
    "created_at": "2019-08-19T19:54:10.234Z",
    "updated_at": "2019-08-19T19:54:10.234Z",
    "channels": []
  }
},
{
  "model": "nslc.group",
  "pk": 178,
  "fields": {
    "user": 1,
    "name": "TA-All",
    "description": "All TA stations",
    "is_public": false,
    "created_at": "2019-08-19T19:54:10.239Z",
    "updated_at": "2019-08-19T19:54:10.239Z",
    "channels": []
  }
},
{
  "model": "nslc.group",
  "pk": 179,
  "fields": {
    "user": 1,
    "name": "CC-All",
    "description": "All CC stations",
    "is_public": false,
    "created_at": "2019-08-19T19:54:10.245Z",
    "updated_at": "2019-08-19T19:54:10.245Z",
    "channels": []
  }
},
{
  "model": "nslc.group",
  "pk": 180,
  "fields": {
    "user": 1,
    "name": "PB-All",
    "description": "All PB stations",
    "is_public": false,
    "created_at": "2019-08-19T19:54:10.251Z",
    "updated_at": "2019-08-19T19:54:10.251Z",
    "channels": []
  }
},
{
  "model": "nslc.group",
  "pk": 181,
  "fields": {
    "user": 1,
    "name": "UO-All",
    "description": "All UO stations",
    "is_public": false,
    "created_at": "2019-08-19T19:54:10.256Z",
    "updated_at": "2019-08-19T19:54:10.256Z",
    "channels": [
      4430,
      4431,
      4432,
      4433,
      4434
    ]
  }
},
{
  "model": "nslc.group",
  "pk": 182,
  "fields": {
    "user": 1,
    "name": "HW-All",
    "description": "All HW stations",
    "is_public": false,
    "created_at": "2019-08-19T19:54:10.288Z",
    "updated_at": "2019-08-19T19:54:10.288Z",
    "channels": []
  }
},
{
  "model": "measurement.metric",
  "pk": 282,
  "fields": {
    "created_at": "2019-08-19T19:54:10.318Z",
    "updated_at": "2019-08-19T19:54:10.318Z",
    "user": 1,
    "name": "snr10_0p01cm",
    "description": "Number of spikes with SNR > 10 and amplitude exceeding 0.01 cm/s^2 using filterd acceleration data.\n",
    "unit": "integer",
    "url": ""
  }
},
{
  "model": "measurement.metric",
  "pk": 283,
  "fields": {
    "created_at": "2019-08-19T19:54:10.334Z",
    "updated_at": "2019-08-19T19:54:10.334Z",
    "user": 1,
    "name": "snr20_0p05cm",
    "description": "Number of spikes with SNR > 20 and amplitude exceeding 0.05 cm/s^2 using filterd acceleration data.\n",
    "unit": "integer",
    "url": ""
  }
},
{
  "model": "measurement.metric",
  "pk": 284,
  "fields": {
    "created_at": "2019-08-19T19:54:10.350Z",
    "updated_at": "2019-08-19T19:54:10.350Z",
    "user": 1,
    "name": "snr20_0p17cm",
    "description": "Number of spikes with SNR > 20 and amplitude exceeding 0.17 cm/s^2 using filterd acceleration data (ShakeAlert station acceptance threshold using filter of 0.3 - 15Hz).\n",
    "unit": "integer",
    "url": ""
  }
},
{
  "model": "measurement.metric",
  "pk": 285,
  "fields": {
    "created_at": "2019-08-19T19:54:10.366Z",
    "updated_at": "2019-08-19T19:54:10.366Z",
    "user": 1,
    "name": "snr20_1cm",
    "description": "Number of spikes with SNR > 20 and amplitude exceeding 1 cm/s^2 using filterd acceleration data.\n",
    "unit": "integer",
    "url": ""
  }
},
{
  "model": "measurement.metric",
  "pk": 286,
  "fields": {
    "created_at": "2019-08-19T19:54:10.387Z",
    "updated_at": "2019-08-19T19:54:10.387Z",
    "user": 1,
    "name": "snr20_3cm",
    "description": "Number of spikes with SNR > 20 and amplitude exceeding 3 cm/s^2 using filterd acceleration data.\n",
    "unit": "integer",
    "url": ""
  }
},
{
  "model": "measurement.metric",
  "pk": 287,
  "fields": {
    "created_at": "2019-08-19T19:54:10.399Z",
    "updated_at": "2019-08-19T19:54:10.399Z",
    "user": 1,
    "name": "snr20_5cm",
    "description": "Number of spikes with SNR > 20 and amplitude exceeding 5 cm/s^2 using filterd acceleration data.\n",
    "unit": "integer",
    "url": ""
  }
},
{
  "model": "measurement.metric",
  "pk": 288,
  "fields": {
    "created_at": "2019-08-19T19:54:10.411Z",
    "updated_at": "2019-08-19T19:54:10.411Z",
    "user": 1,
    "name": "pow50sec",
    "description": "Power at 50 seconds.\n",
    "unit": "dB",
    "url": ""
  }
},
{
  "model": "measurement.metric",
  "pk": 289,
  "fields": {
    "created_at": "2019-08-19T19:54:10.423Z",
    "updated_at": "2019-08-19T19:54:10.423Z",
    "user": 1,
    "name": "pow30sec",
    "description": "Power at 30 seconds.\n",
    "unit": "dB",
    "url": ""
  }
},
{
  "model": "measurement.metric",
  "pk": 290,
  "fields": {
    "created_at": "2019-08-19T19:54:10.434Z",
    "updated_at": "2019-08-19T19:54:10.434Z",
    "user": 1,
    "name": "pow20sec",
    "description": "Power at 20 seconds.\n",
    "unit": "dB",
    "url": ""
  }
},
{
  "model": "measurement.metric",
  "pk": 291,
  "fields": {
    "created_at": "2019-08-19T19:54:10.446Z",
    "updated_at": "2019-08-19T19:54:10.446Z",
    "user": 1,
    "name": "pow12sec",
    "description": "Power at 12 seconds.\n",
    "unit": "dB",
    "url": ""
  }
},
{
  "model": "measurement.metric",
  "pk": 292,
  "fields": {
    "created_at": "2019-08-19T19:54:10.457Z",
    "updated_at": "2019-08-19T19:54:10.457Z",
    "user": 1,
    "name": "pow10sec",
    "description": "Power at 10 seconds.\n",
    "unit": "dB",
    "url": ""
  }
},
{
  "model": "measurement.metric",
  "pk": 293,
  "fields": {
    "created_at": "2019-08-19T19:54:10.469Z",
    "updated_at": "2019-08-19T19:54:10.469Z",
    "user": 1,
    "name": "pow5sec",
    "description": "Power at 5 seconds.\n",
    "unit": "dB",
    "url": ""
  }
},
{
  "model": "measurement.metric",
  "pk": 294,
  "fields": {
    "created_at": "2019-08-19T19:54:10.481Z",
    "updated_at": "2019-08-19T19:54:10.481Z",
    "user": 1,
    "name": "pow1Hz",
    "description": "Power at 1 Hertz.\n",
    "unit": "dB",
    "url": ""
  }
},
{
  "model": "measurement.metric",
  "pk": 295,
  "fields": {
    "created_at": "2019-08-19T19:54:10.492Z",
    "updated_at": "2019-08-19T19:54:10.492Z",
    "user": 1,
    "name": "pow5Hz",
    "description": "Power at 5 Hertz.\n",
    "unit": "dB",
    "url": ""
  }
},
{
  "model": "measurement.metric",
  "pk": 296,
  "fields": {
    "created_at": "2019-08-19T19:54:10.504Z",
    "updated_at": "2019-08-19T19:54:10.504Z",
    "user": 1,
    "name": "pow10Hz",
    "description": "Power at 10 Hertz.\n",
    "unit": "dB",
    "url": ""
  }
},
{
  "model": "measurement.metric",
  "pk": 297,
  "fields": {
    "created_at": "2019-08-19T19:54:10.515Z",
    "updated_at": "2019-08-19T19:54:10.516Z",
    "user": 1,
    "name": "pow20Hz",
    "description": "Power at 20 Hertz.\n",
    "unit": "dB",
    "url": ""
  }
},
{
  "model": "measurement.metric",
  "pk": 298,
  "fields": {
    "created_at": "2019-08-19T19:54:10.527Z",
    "updated_at": "2019-08-19T19:54:10.527Z",
    "user": 1,
    "name": "pow50Hz",
    "description": "Power at 50 Hertz.\n",
    "unit": "dB",
    "url": ""
  }
},
{
  "model": "measurement.metric",
  "pk": 299,
  "fields": {
    "created_at": "2019-08-19T19:54:10.539Z",
    "updated_at": "2019-08-19T19:54:10.539Z",
    "user": 1,
    "name": "NoiseFloorAcc",
    "description": "Range the 2nd to 98th percentile of sorted acceleration amplitudes which approximates median envelope amplitude.\n",
    "unit": "cm/s^2",
    "url": ""
  }
},
{
  "model": "measurement.metric",
  "pk": 300,
  "fields": {
    "created_at": "2019-08-19T19:54:10.551Z",
    "updated_at": "2019-08-19T19:54:10.551Z",
    "user": 1,
    "name": "NoiseFloorVel",
    "description": "Range of the 2nd to 98th percentile of sorted velocity amplitudes which approximates median envelope amplitude.\n",
    "unit": "cm/s",
    "url": ""
  }
},
{
  "model": "measurement.metric",
  "pk": 301,
  "fields": {
    "created_at": "2019-08-19T19:54:10.562Z",
    "updated_at": "2019-08-19T19:54:10.562Z",
    "user": 1,
    "name": "rawrange",
    "description": "Range in counts.\n",
    "unit": "counts",
    "url": ""
  }
},
{
  "model": "measurement.metric",
  "pk": 302,
  "fields": {
    "created_at": "2019-08-19T19:54:10.573Z",
    "updated_at": "2019-08-19T19:54:10.573Z",
    "user": 1,
    "name": "rawmean",
    "description": "Mean.\n",
    "unit": "counts",
    "url": ""
  }
},
{
  "model": "measurement.metric",
  "pk": 303,
  "fields": {
    "created_at": "2019-08-19T19:54:10.585Z",
    "updated_at": "2019-08-19T19:54:10.585Z",
    "user": 1,
    "name": "rawrms",
    "description": "RMS.\n",
    "unit": "counts",
    "url": ""
  }
},
{
  "model": "measurement.metric",
  "pk": 304,
  "fields": {
    "created_at": "2019-08-19T19:54:10.597Z",
    "updated_at": "2019-08-19T19:54:10.597Z",
    "user": 1,
    "name": "rawmin",
    "description": "Minimum amplitude.\n",
    "unit": "counts",
    "url": ""
  }
},
{
  "model": "measurement.metric",
  "pk": 305,
  "fields": {
    "created_at": "2019-08-19T19:54:10.608Z",
    "updated_at": "2019-08-19T19:54:10.608Z",
    "user": 1,
    "name": "rawmax",
    "description": "Maximum amplitude.\n",
    "unit": "counts",
    "url": ""
  }
},
{
  "model": "measurement.metric",
  "pk": 306,
  "fields": {
    "created_at": "2019-08-19T19:54:10.620Z",
    "updated_at": "2019-08-19T19:54:10.620Z",
    "user": 1,
    "name": "segmentshort",
    "description": "Duration of the shortest segment.\n",
    "unit": "s",
    "url": ""
  }
},
{
  "model": "measurement.metric",
  "pk": 307,
  "fields": {
    "created_at": "2019-08-19T19:54:10.633Z",
    "updated_at": "2019-08-19T19:54:10.633Z",
    "user": 1,
    "name": "segmentlong",
    "description": "Duration of the longest segment.\n",
    "unit": "s",
    "url": ""
  }
},
{
  "model": "measurement.metric",
  "pk": 308,
  "fields": {
    "created_at": "2019-08-19T19:54:10.647Z",
    "updated_at": "2019-08-19T19:54:10.647Z",
    "user": 1,
    "name": "pctavailable",
    "description": "Percentage of data returned of data requested.\n",
    "unit": "percent",
    "url": ""
  }
},
{
  "model": "measurement.metric",
  "pk": 309,
  "fields": {
    "created_at": "2019-08-19T19:54:10.661Z",
    "updated_at": "2019-08-19T19:54:10.661Z",
    "user": 1,
    "name": "ngaps",
    "description": "Number of gaps.\n",
    "unit": "integer",
    "url": ""
  }
},
{
  "model": "measurement.metric",
  "pk": 310,
  "fields": {
    "created_at": "2019-08-19T19:54:10.673Z",
    "updated_at": "2019-08-19T19:54:10.673Z",
    "user": 1,
    "name": "RMSduration_0p01cm",
    "description": "Total duration of RMS acceleration amplitude exceeding 0.01 cm/s^2 using a 5 sec RMS window.\n",
    "unit": "s",
    "url": ""
  }
},
{
  "model": "measurement.metric",
  "pk": 311,
  "fields": {
    "created_at": "2019-08-19T19:54:10.686Z",
    "updated_at": "2019-08-19T19:54:10.686Z",
    "user": 1,
    "name": "RMSduration_0p035cm",
    "description": "Total duration of RMS acceleration amplitude exceeding 0.035 cm/s^2 using a 5 sec RMS window (ShakeAlert station acceptance threshold).\n",
    "unit": "s",
    "url": ""
  }
},
{
  "model": "measurement.metric",
  "pk": 312,
  "fields": {
    "created_at": "2019-08-19T19:54:10.700Z",
    "updated_at": "2019-08-19T19:54:10.700Z",
    "user": 1,
    "name": "RMSduration_0p1cm",
    "description": "Total duration of RMS acceleration amplitude exceeding 0.1 cm/s^2 using a 5 sec RMS window.\n",
    "unit": "s",
    "url": ""
  }
},
{
  "model": "measurement.metric",
  "pk": 313,
  "fields": {
    "created_at": "2019-08-19T19:54:10.710Z",
    "updated_at": "2019-08-19T19:54:10.711Z",
    "user": 1,
    "name": "RMSduration_1cm",
    "description": "Total duration of RMS acceleration amplitude exceeding 1 cm/s^2 using a 5 sec RMS window.\n",
    "unit": "s",
    "url": ""
  }
},
{
  "model": "measurement.measurement",
  "pk": 6567,
  "fields": {
    "created_at": "2019-08-19T19:54:10.327Z",
    "updated_at": "2019-08-19T19:54:10.327Z",
    "user": 1,
    "metric": 282,
    "channel": 4426,
    "value": 4.0,
    "starttime": "2018-02-01T03:00:00Z",
    "endtime": "2018-02-01T04:00:00Z"
  }
},
{
  "model": "measurement.measurement",
  "pk": 6568,
  "fields": {
    "created_at": "2019-08-19T19:54:10.343Z",
    "updated_at": "2019-08-19T19:54:10.343Z",
    "user": 1,
    "metric": 283,
    "channel": 4426,
    "value": 2.0,
    "starttime": "2018-02-01T03:00:00Z",
    "endtime": "2018-02-01T04:00:00Z"
  }
},
{
  "model": "measurement.measurement",
  "pk": 6569,
  "fields": {
    "created_at": "2019-08-19T19:54:10.359Z",
    "updated_at": "2019-08-19T19:54:10.359Z",
    "user": 1,
    "metric": 284,
    "channel": 4426,
    "value": 0.0,
    "starttime": "2018-02-01T03:00:00Z",
    "endtime": "2018-02-01T04:00:00Z"
  }
},
{
  "model": "measurement.measurement",
  "pk": 6570,
  "fields": {
    "created_at": "2019-08-19T19:54:10.381Z",
    "updated_at": "2019-08-19T19:54:10.381Z",
    "user": 1,
    "metric": 285,
    "channel": 4426,
    "value": 0.0,
    "starttime": "2018-02-01T03:00:00Z",
    "endtime": "2018-02-01T04:00:00Z"
  }
},
{
  "model": "measurement.measurement",
  "pk": 6571,
  "fields": {
    "created_at": "2019-08-19T19:54:10.393Z",
    "updated_at": "2019-08-19T19:54:10.394Z",
    "user": 1,
    "metric": 286,
    "channel": 4426,
    "value": 0.0,
    "starttime": "2018-02-01T03:00:00Z",
    "endtime": "2018-02-01T04:00:00Z"
  }
},
{
  "model": "measurement.measurement",
  "pk": 6572,
  "fields": {
    "created_at": "2019-08-19T19:54:10.405Z",
    "updated_at": "2019-08-19T19:54:10.405Z",
    "user": 1,
    "metric": 287,
    "channel": 4426,
    "value": 0.0,
    "starttime": "2018-02-01T03:00:00Z",
    "endtime": "2018-02-01T04:00:00Z"
  }
},
{
  "model": "measurement.measurement",
  "pk": 6573,
  "fields": {
    "created_at": "2019-08-19T19:54:10.418Z",
    "updated_at": "2019-08-19T19:54:10.418Z",
    "user": 1,
    "metric": 288,
    "channel": 4426,
    "value": -100.658,
    "starttime": "2018-02-01T03:00:00Z",
    "endtime": "2018-02-01T04:00:00Z"
  }
},
{
  "model": "measurement.measurement",
  "pk": 6574,
  "fields": {
    "created_at": "2019-08-19T19:54:10.429Z",
    "updated_at": "2019-08-19T19:54:10.429Z",
    "user": 1,
    "metric": 289,
    "channel": 4426,
    "value": -103.896,
    "starttime": "2018-02-01T03:00:00Z",
    "endtime": "2018-02-01T04:00:00Z"
  }
},
{
  "model": "measurement.measurement",
  "pk": 6575,
  "fields": {
    "created_at": "2019-08-19T19:54:10.441Z",
    "updated_at": "2019-08-19T19:54:10.441Z",
    "user": 1,
    "metric": 290,
    "channel": 4426,
    "value": -105.498,
    "starttime": "2018-02-01T03:00:00Z",
    "endtime": "2018-02-01T04:00:00Z"
  }
},
{
  "model": "measurement.measurement",
  "pk": 6576,
  "fields": {
    "created_at": "2019-08-19T19:54:10.452Z",
    "updated_at": "2019-08-19T19:54:10.452Z",
    "user": 1,
    "metric": 291,
    "channel": 4426,
    "value": -107.002,
    "starttime": "2018-02-01T03:00:00Z",
    "endtime": "2018-02-01T04:00:00Z"
  }
},
{
  "model": "measurement.measurement",
  "pk": 6577,
  "fields": {
    "created_at": "2019-08-19T19:54:10.464Z",
    "updated_at": "2019-08-19T19:54:10.464Z",
    "user": 1,
    "metric": 292,
    "channel": 4426,
    "value": -107.701,
    "starttime": "2018-02-01T03:00:00Z",
    "endtime": "2018-02-01T04:00:00Z"
  }
},
{
  "model": "measurement.measurement",
  "pk": 6578,
  "fields": {
    "created_at": "2019-08-19T19:54:10.476Z",
    "updated_at": "2019-08-19T19:54:10.476Z",
    "user": 1,
    "metric": 293,
    "channel": 4426,
    "value": -108.395,
    "starttime": "2018-02-01T03:00:00Z",
    "endtime": "2018-02-01T04:00:00Z"
  }
},
{
  "model": "measurement.measurement",
  "pk": 6579,
  "fields": {
    "created_at": "2019-08-19T19:54:10.487Z",
    "updated_at": "2019-08-19T19:54:10.487Z",
    "user": 1,
    "metric": 294,
    "channel": 4426,
    "value": -117.558,
    "starttime": "2018-02-01T03:00:00Z",
    "endtime": "2018-02-01T04:00:00Z"
  }
},
{
  "model": "measurement.measurement",
  "pk": 6580,
  "fields": {
    "created_at": "2019-08-19T19:54:10.499Z",
    "updated_at": "2019-08-19T19:54:10.499Z",
    "user": 1,
    "metric": 295,
    "channel": 4426,
    "value": -122.201,
    "starttime": "2018-02-01T03:00:00Z",
    "endtime": "2018-02-01T04:00:00Z"
  }
},
{
  "model": "measurement.measurement",
  "pk": 6581,
  "fields": {
    "created_at": "2019-08-19T19:54:10.510Z",
    "updated_at": "2019-08-19T19:54:10.510Z",
    "user": 1,
    "metric": 296,
    "channel": 4426,
    "value": -117.419,
    "starttime": "2018-02-01T03:00:00Z",
    "endtime": "2018-02-01T04:00:00Z"
  }
},
{
  "model": "measurement.measurement",
  "pk": 6582,
  "fields": {
    "created_at": "2019-08-19T19:54:10.522Z",
    "updated_at": "2019-08-19T19:54:10.522Z",
    "user": 1,
    "metric": 297,
    "channel": 4426,
    "value": -106.507,
    "starttime": "2018-02-01T03:00:00Z",
    "endtime": "2018-02-01T04:00:00Z"
  }
},
{
  "model": "measurement.measurement",
  "pk": 6583,
  "fields": {
    "created_at": "2019-08-19T19:54:10.534Z",
    "updated_at": "2019-08-19T19:54:10.534Z",
    "user": 1,
    "metric": 298,
    "channel": 4426,
    "value": -112.014,
    "starttime": "2018-02-01T03:00:00Z",
    "endtime": "2018-02-01T04:00:00Z"
  }
},
{
  "model": "measurement.measurement",
  "pk": 6584,
  "fields": {
    "created_at": "2019-08-19T19:54:10.546Z",
    "updated_at": "2019-08-19T19:54:10.546Z",
    "user": 1,
    "metric": 299,
    "channel": 4426,
    "value": 1.34479178287e-05,
    "starttime": "2018-02-01T03:00:00Z",
    "endtime": "2018-02-01T04:00:00Z"
  }
},
{
  "model": "measurement.measurement",
  "pk": 6585,
  "fields": {
    "created_at": "2019-08-19T19:54:10.557Z",
    "updated_at": "2019-08-19T19:54:10.557Z",
    "user": 1,
    "metric": 300,
    "channel": 4426,
    "value": 1.58643731689e-06,
    "starttime": "2018-02-01T03:00:00Z",
    "endtime": "2018-02-01T04:00:00Z"
  }
},
{
  "model": "measurement.measurement",
  "pk": 6586,
  "fields": {
    "created_at": "2019-08-19T19:54:10.568Z",
    "updated_at": "2019-08-19T19:54:10.568Z",
    "user": 1,
    "metric": 301,
    "channel": 4426,
    "value": 373.0,
    "starttime": "2018-02-01T03:00:00Z",
    "endtime": "2018-02-01T04:00:00Z"
  }
},
{
  "model": "measurement.measurement",
  "pk": 6587,
  "fields": {
    "created_at": "2019-08-19T19:54:10.580Z",
    "updated_at": "2019-08-19T19:54:10.580Z",
    "user": 1,
    "metric": 302,
    "channel": 4426,
    "value": -12605.4179104,
    "starttime": "2018-02-01T03:00:00Z",
    "endtime": "2018-02-01T04:00:00Z"
  }
},
{
  "model": "measurement.measurement",
  "pk": 6588,
  "fields": {
    "created_at": "2019-08-19T19:54:10.591Z",
    "updated_at": "2019-08-19T19:54:10.591Z",
    "user": 1,
    "metric": 303,
    "channel": 4426,
    "value": 18.9096850752,
    "starttime": "2018-02-01T03:00:00Z",
    "endtime": "2018-02-01T04:00:00Z"
  }
},
{
  "model": "measurement.measurement",
  "pk": 6589,
  "fields": {
    "created_at": "2019-08-19T19:54:10.603Z",
    "updated_at": "2019-08-19T19:54:10.603Z",
    "user": 1,
    "metric": 304,
    "channel": 4426,
    "value": -12783.0,
    "starttime": "2018-02-01T03:00:00Z",
    "endtime": "2018-02-01T04:00:00Z"
  }
},
{
  "model": "measurement.measurement",
  "pk": 6590,
  "fields": {
    "created_at": "2019-08-19T19:54:10.615Z",
    "updated_at": "2019-08-19T19:54:10.615Z",
    "user": 1,
    "metric": 305,
    "channel": 4426,
    "value": -12410.0,
    "starttime": "2018-02-01T03:00:00Z",
    "endtime": "2018-02-01T04:00:00Z"
  }
},
{
  "model": "measurement.measurement",
  "pk": 6591,
  "fields": {
    "created_at": "2019-08-19T19:54:10.627Z",
    "updated_at": "2019-08-19T19:54:10.627Z",
    "user": 1,
    "metric": 306,
    "channel": 4426,
    "value": 7210.11,
    "starttime": "2018-02-01T03:00:00Z",
    "endtime": "2018-02-01T04:00:00Z"
  }
},
{
  "model": "measurement.measurement",
  "pk": 6592,
  "fields": {
    "created_at": "2019-08-19T19:54:10.641Z",
    "updated_at": "2019-08-19T19:54:10.641Z",
    "user": 1,
    "metric": 307,
    "channel": 4426,
    "value": 7210.11,
    "starttime": "2018-02-01T03:00:00Z",
    "endtime": "2018-02-01T04:00:00Z"
  }
},
{
  "model": "measurement.measurement",
  "pk": 6593,
  "fields": {
    "created_at": "2019-08-19T19:54:10.654Z",
    "updated_at": "2019-08-19T19:54:10.654Z",
    "user": 1,
    "metric": 308,
    "channel": 4426,
    "value": 200.003051318,
    "starttime": "2018-02-01T03:00:00Z",
    "endtime": "2018-02-01T04:00:00Z"
  }
},
{
  "model": "measurement.measurement",
  "pk": 6594,
  "fields": {
    "created_at": "2019-08-19T19:54:10.668Z",
    "updated_at": "2019-08-19T19:54:10.668Z",
    "user": 1,
    "metric": 309,
    "channel": 4426,
    "value": 0.0,
    "starttime": "2018-02-01T03:00:00Z",
    "endtime": "2018-02-01T04:00:00Z"
  }
},
{
  "model": "measurement.measurement",
  "pk": 6595,
  "fields": {
    "created_at": "2019-08-19T19:54:10.680Z",
    "updated_at": "2019-08-19T19:54:10.680Z",
    "user": 1,
    "metric": 310,
    "channel": 4426,
    "value": 51.39,
    "starttime": "2018-02-01T03:00:00Z",
    "endtime": "2018-02-01T04:00:00Z"
  }
},
{
  "model": "measurement.measurement",
  "pk": 6596,
  "fields": {
    "created_at": "2019-08-19T19:54:10.694Z",
    "updated_at": "2019-08-19T19:54:10.694Z",
    "user": 1,
    "metric": 311,
    "channel": 4426,
    "value": 0.0,
    "starttime": "2018-02-01T03:00:00Z",
    "endtime": "2018-02-01T04:00:00Z"
  }
},
{
  "model": "measurement.measurement",
  "pk": 6597,
  "fields": {
    "created_at": "2019-08-19T19:54:10.706Z",
    "updated_at": "2019-08-19T19:54:10.706Z",
    "user": 1,
    "metric": 312,
    "channel": 4426,
    "value": 0.0,
    "starttime": "2018-02-01T03:00:00Z",
    "endtime": "2018-02-01T04:00:00Z"
  }
},
{
  "model": "measurement.measurement",
  "pk": 6598,
  "fields": {
    "created_at": "2019-08-19T19:54:10.716Z",
    "updated_at": "2019-08-19T19:54:10.716Z",
    "user": 1,
    "metric": 313,
    "channel": 4426,
    "value": 0.0,
    "starttime": "2018-02-01T03:00:00Z",
    "endtime": "2018-02-01T04:00:00Z"
  }
},
{
  "model": "measurement.measurement",
  "pk": 6599,
  "fields": {
    "created_at": "2019-08-19T19:54:10.722Z",
    "updated_at": "2019-08-19T19:54:10.722Z",
    "user": 1,
    "metric": 282,
    "channel": 4430,
    "value": 2.0,
    "starttime": "2018-02-01T04:00:00Z",
    "endtime": "2018-02-01T05:00:00Z"
  }
},
{
  "model": "measurement.measurement",
  "pk": 6600,
  "fields": {
    "created_at": "2019-08-19T19:54:10.729Z",
    "updated_at": "2019-08-19T19:54:10.729Z",
    "user": 1,
    "metric": 283,
    "channel": 4430,
    "value": 0.0,
    "starttime": "2018-02-01T04:00:00Z",
    "endtime": "2018-02-01T05:00:00Z"
  }
},
{
  "model": "measurement.measurement",
  "pk": 6601,
  "fields": {
    "created_at": "2019-08-19T19:54:10.735Z",
    "updated_at": "2019-08-19T19:54:10.735Z",
    "user": 1,
    "metric": 284,
    "channel": 4430,
    "value": 0.0,
    "starttime": "2018-02-01T04:00:00Z",
    "endtime": "2018-02-01T05:00:00Z"
  }
},
{
  "model": "measurement.measurement",
  "pk": 6602,
  "fields": {
    "created_at": "2019-08-19T19:54:10.741Z",
    "updated_at": "2019-08-19T19:54:10.741Z",
    "user": 1,
    "metric": 285,
    "channel": 4430,
    "value": 0.0,
    "starttime": "2018-02-01T04:00:00Z",
    "endtime": "2018-02-01T05:00:00Z"
  }
},
{
  "model": "measurement.measurement",
  "pk": 6603,
  "fields": {
    "created_at": "2019-08-19T19:54:10.748Z",
    "updated_at": "2019-08-19T19:54:10.748Z",
    "user": 1,
    "metric": 286,
    "channel": 4430,
    "value": 0.0,
    "starttime": "2018-02-01T04:00:00Z",
    "endtime": "2018-02-01T05:00:00Z"
  }
},
{
  "model": "measurement.measurement",
  "pk": 6604,
  "fields": {
    "created_at": "2019-08-19T19:54:10.754Z",
    "updated_at": "2019-08-19T19:54:10.754Z",
    "user": 1,
    "metric": 287,
    "channel": 4430,
    "value": 0.0,
    "starttime": "2018-02-01T04:00:00Z",
    "endtime": "2018-02-01T05:00:00Z"
  }
},
{
  "model": "measurement.measurement",
  "pk": 6605,
  "fields": {
    "created_at": "2019-08-19T19:54:10.760Z",
    "updated_at": "2019-08-19T19:54:10.760Z",
    "user": 1,
    "metric": 288,
    "channel": 4430,
    "value": -177.393,
    "starttime": "2018-02-01T04:00:00Z",
    "endtime": "2018-02-01T05:00:00Z"
  }
},
{
  "model": "measurement.measurement",
  "pk": 6606,
  "fields": {
    "created_at": "2019-08-19T19:54:10.767Z",
    "updated_at": "2019-08-19T19:54:10.767Z",
    "user": 1,
    "metric": 289,
    "channel": 4430,
    "value": -172.461,
    "starttime": "2018-02-01T04:00:00Z",
    "endtime": "2018-02-01T05:00:00Z"
  }
},
{
  "model": "measurement.measurement",
  "pk": 6607,
  "fields": {
    "created_at": "2019-08-19T19:54:10.773Z",
    "updated_at": "2019-08-19T19:54:10.773Z",
    "user": 1,
    "metric": 290,
    "channel": 4430,
    "value": -163.114,
    "starttime": "2018-02-01T04:00:00Z",
    "endtime": "2018-02-01T05:00:00Z"
  }
},
{
  "model": "measurement.measurement",
  "pk": 6608,
  "fields": {
    "created_at": "2019-08-19T19:54:10.779Z",
    "updated_at": "2019-08-19T19:54:10.779Z",
    "user": 1,
    "metric": 291,
    "channel": 4430,
    "value": -149.406,
    "starttime": "2018-02-01T04:00:00Z",
    "endtime": "2018-02-01T05:00:00Z"
  }
},
{
  "model": "measurement.measurement",
  "pk": 6609,
  "fields": {
    "created_at": "2019-08-19T19:54:10.787Z",
    "updated_at": "2019-08-19T19:54:10.787Z",
    "user": 1,
    "metric": 292,
    "channel": 4430,
    "value": -142.85,
    "starttime": "2018-02-01T04:00:00Z",
    "endtime": "2018-02-01T05:00:00Z"
  }
},
{
  "model": "measurement.measurement",
  "pk": 6610,
  "fields": {
    "created_at": "2019-08-19T19:54:10.803Z",
    "updated_at": "2019-08-19T19:54:10.803Z",
    "user": 1,
    "metric": 293,
    "channel": 4430,
    "value": -119.171,
    "starttime": "2018-02-01T04:00:00Z",
    "endtime": "2018-02-01T05:00:00Z"
  }
},
{
  "model": "measurement.measurement",
  "pk": 6611,
  "fields": {
    "created_at": "2019-08-19T19:54:10.812Z",
    "updated_at": "2019-08-19T19:54:10.812Z",
    "user": 1,
    "metric": 294,
    "channel": 4430,
    "value": -149.674,
    "starttime": "2018-02-01T04:00:00Z",
    "endtime": "2018-02-01T05:00:00Z"
  }
},
{
  "model": "measurement.measurement",
  "pk": 6612,
  "fields": {
    "created_at": "2019-08-19T19:54:10.820Z",
    "updated_at": "2019-08-19T19:54:10.820Z",
    "user": 1,
    "metric": 295,
    "channel": 4430,
    "value": -141.986,
    "starttime": "2018-02-01T04:00:00Z",
    "endtime": "2018-02-01T05:00:00Z"
  }
},
{
  "model": "measurement.measurement",
  "pk": 6613,
  "fields": {
    "created_at": "2019-08-19T19:54:10.828Z",
    "updated_at": "2019-08-19T19:54:10.828Z",
    "user": 1,
    "metric": 296,
    "channel": 4430,
    "value": -139.687,
    "starttime": "2018-02-01T04:00:00Z",
    "endtime": "2018-02-01T05:00:00Z"
  }
},
{
  "model": "measurement.measurement",
  "pk": 6614,
  "fields": {
    "created_at": "2019-08-19T19:54:10.837Z",
    "updated_at": "2019-08-19T19:54:10.837Z",
    "user": 1,
    "metric": 297,
    "channel": 4430,
    "value": -132.287,
    "starttime": "2018-02-01T04:00:00Z",
    "endtime": "2018-02-01T05:00:00Z"
  }
},
{
  "model": "measurement.measurement",
  "pk": 6615,
  "fields": {
    "created_at": "2019-08-19T19:54:10.845Z",
    "updated_at": "2019-08-19T19:54:10.845Z",
    "user": 1,
    "metric": 298,
    "channel": 4430,
    "value": -124.026,
    "starttime": "2018-02-01T04:00:00Z",
    "endtime": "2018-02-01T05:00:00Z"
  }
},
{
  "model": "measurement.measurement",
  "pk": 6616,
  "fields": {
    "created_at": "2019-08-19T19:54:10.854Z",
    "updated_at": "2019-08-19T19:54:10.854Z",
    "user": 1,
    "metric": 299,
    "channel": 4430,
    "value": 1.07940141262e-06,
    "starttime": "2018-02-01T04:00:00Z",
    "endtime": "2018-02-01T05:00:00Z"
  }
},
{
  "model": "measurement.measurement",
  "pk": 6617,
  "fields": {
    "created_at": "2019-08-19T19:54:10.862Z",
    "updated_at": "2019-08-19T19:54:10.862Z",
    "user": 1,
    "metric": 300,
    "channel": 4430,
    "value": 2.77755469177e-07,
    "starttime": "2018-02-01T04:00:00Z",
    "endtime": "2018-02-01T05:00:00Z"
  }
},
{
  "model": "measurement.measurement",
  "pk": 6618,
  "fields": {
    "created_at": "2019-08-19T19:54:10.870Z",
    "updated_at": "2019-08-19T19:54:10.870Z",
    "user": 1,
    "metric": 301,
    "channel": 4430,
    "value": 2718.0,
    "starttime": "2018-02-01T04:00:00Z",
    "endtime": "2018-02-01T05:00:00Z"
  }
},
{
  "model": "measurement.measurement",
  "pk": 6619,
  "fields": {
    "created_at": "2019-08-19T19:54:10.879Z",
    "updated_at": "2019-08-19T19:54:10.879Z",
    "user": 1,
    "metric": 302,
    "channel": 4430,
    "value": 126.368726179,
    "starttime": "2018-02-01T04:00:00Z",
    "endtime": "2018-02-01T05:00:00Z"
  }
},
{
  "model": "measurement.measurement",
  "pk": 6620,
  "fields": {
    "created_at": "2019-08-19T19:54:10.887Z",
    "updated_at": "2019-08-19T19:54:10.887Z",
    "user": 1,
    "metric": 303,
    "channel": 4430,
    "value": 200.346966363,
    "starttime": "2018-02-01T04:00:00Z",
    "endtime": "2018-02-01T05:00:00Z"
  }
},
{
  "model": "measurement.measurement",
  "pk": 6621,
  "fields": {
    "created_at": "2019-08-19T19:54:10.895Z",
    "updated_at": "2019-08-19T19:54:10.895Z",
    "user": 1,
    "metric": 304,
    "channel": 4430,
    "value": -1581.0,
    "starttime": "2018-02-01T04:00:00Z",
    "endtime": "2018-02-01T05:00:00Z"
  }
},
{
  "model": "measurement.measurement",
  "pk": 6622,
  "fields": {
    "created_at": "2019-08-19T19:54:10.904Z",
    "updated_at": "2019-08-19T19:54:10.904Z",
    "user": 1,
    "metric": 305,
    "channel": 4430,
    "value": 1137.0,
    "starttime": "2018-02-01T04:00:00Z",
    "endtime": "2018-02-01T05:00:00Z"
  }
},
{
  "model": "measurement.measurement",
  "pk": 6623,
  "fields": {
    "created_at": "2019-08-19T19:54:10.911Z",
    "updated_at": "2019-08-19T19:54:10.912Z",
    "user": 1,
    "metric": 306,
    "channel": 4430,
    "value": 3605.06,
    "starttime": "2018-02-01T04:00:00Z",
    "endtime": "2018-02-01T05:00:00Z"
  }
},
{
  "model": "measurement.measurement",
  "pk": 6624,
  "fields": {
    "created_at": "2019-08-19T19:54:10.920Z",
    "updated_at": "2019-08-19T19:54:10.920Z",
    "user": 1,
    "metric": 307,
    "channel": 4430,
    "value": 3605.06,
    "starttime": "2018-02-01T04:00:00Z",
    "endtime": "2018-02-01T05:00:00Z"
  }
},
{
  "model": "measurement.measurement",
  "pk": 6625,
  "fields": {
    "created_at": "2019-08-19T19:54:10.928Z",
    "updated_at": "2019-08-19T19:54:10.928Z",
    "user": 1,
    "metric": 308,
    "channel": 4430,
    "value": 100.001664355,
    "starttime": "2018-02-01T04:00:00Z",
    "endtime": "2018-02-01T05:00:00Z"
  }
},
{
  "model": "measurement.measurement",
  "pk": 6626,
  "fields": {
    "created_at": "2019-08-19T19:54:10.937Z",
    "updated_at": "2019-08-19T19:54:10.937Z",
    "user": 1,
    "metric": 309,
    "channel": 4430,
    "value": 0.0,
    "starttime": "2018-02-01T04:00:00Z",
    "endtime": "2018-02-01T05:00:00Z"
  }
},
{
  "model": "measurement.measurement",
  "pk": 6627,
  "fields": {
    "created_at": "2019-08-19T19:54:10.945Z",
    "updated_at": "2019-08-19T19:54:10.945Z",
    "user": 1,
    "metric": 310,
    "channel": 4430,
    "value": 0.0,
    "starttime": "2018-02-01T04:00:00Z",
    "endtime": "2018-02-01T05:00:00Z"
  }
},
{
  "model": "measurement.measurement",
  "pk": 6628,
  "fields": {
    "created_at": "2019-08-19T19:54:10.954Z",
    "updated_at": "2019-08-19T19:54:10.954Z",
    "user": 1,
    "metric": 311,
    "channel": 4430,
    "value": 0.0,
    "starttime": "2018-02-01T04:00:00Z",
    "endtime": "2018-02-01T05:00:00Z"
  }
},
{
  "model": "measurement.measurement",
  "pk": 6629,
  "fields": {
    "created_at": "2019-08-19T19:54:10.962Z",
    "updated_at": "2019-08-19T19:54:10.962Z",
    "user": 1,
    "metric": 312,
    "channel": 4430,
    "value": 0.0,
    "starttime": "2018-02-01T04:00:00Z",
    "endtime": "2018-02-01T05:00:00Z"
  }
},
{
  "model": "measurement.measurement",
  "pk": 6630,
  "fields": {
    "created_at": "2019-08-19T19:54:10.970Z",
    "updated_at": "2019-08-19T19:54:10.970Z",
    "user": 1,
    "metric": 313,
    "channel": 4430,
    "value": 0.0,
    "starttime": "2018-02-01T04:00:00Z",
    "endtime": "2018-02-01T05:00:00Z"
  }
},
{
  "model": "dashboard.widgettype",
  "pk": 14,
  "fields": {
    "name": "",
    "description": "",
    "created_at": "2019-08-19T19:54:11.073Z",
    "updated_at": "2019-08-19T19:54:11.073Z",
    "user": 1,
    "type": "Tabular"
  }
},
{
  "model": "dashboard.widgettype",
  "pk": 15,
  "fields": {
    "name": "",
    "description": "",
    "created_at": "2019-08-19T19:54:11.077Z",
    "updated_at": "2019-08-19T19:54:11.077Z",
    "user": 1,
    "type": "Map"
  }
},
{
  "model": "dashboard.dashboard",
  "pk": 111,
  "fields": {
    "name": "Test US-All dashboard",
    "description": "",
    "created_at": "2019-08-19T19:54:10.986Z",
    "updated_at": "2019-08-19T19:54:10.986Z",
    "user": 1,
    "group": 165
  }
},
{
  "model": "dashboard.dashboard",
  "pk": 112,
  "fields": {
    "name": "Test LB-All dashboard",
    "description": "",
    "created_at": "2019-08-19T19:54:10.989Z",
    "updated_at": "2019-08-19T19:54:10.989Z",
    "user": 1,
    "group": 166
  }
},
{
  "model": "dashboard.dashboard",
  "pk": 113,
  "fields": {
    "name": "Test UW-All dashboard",
    "description": "",
    "created_at": "2019-08-19T19:54:10.992Z",
    "updated_at": "2019-08-19T19:54:10.992Z",
    "user": 1,
    "group": 167
  }
},
{
  "model": "dashboard.dashboard",
  "pk": 114,
  "fields": {
    "name": "Test NV-All dashboard",
    "description": "",
    "created_at": "2019-08-19T19:54:10.996Z",
    "updated_at": "2019-08-19T19:54:10.996Z",
    "user": 1,
    "group": 168
  }
},
{
  "model": "dashboard.dashboard",
  "pk": 115,
  "fields": {
    "name": "Test IU-All dashboard",
    "description": "",
    "created_at": "2019-08-19T19:54:10.999Z",
    "updated_at": "2019-08-19T19:54:10.999Z",
    "user": 1,
    "group": 169
  }
},
{
  "model": "dashboard.dashboard",
  "pk": 116,
  "fields": {
    "name": "Test NC-All dashboard",
    "description": "",
    "created_at": "2019-08-19T19:54:11.003Z",
    "updated_at": "2019-08-19T19:54:11.003Z",
    "user": 1,
    "group": 170
  }
},
{
  "model": "dashboard.dashboard",
  "pk": 117,
  "fields": {
    "name": "Test OO-All dashboard",
    "description": "",
    "created_at": "2019-08-19T19:54:11.013Z",
    "updated_at": "2019-08-19T19:54:11.013Z",
    "user": 1,
    "group": 171
  }
},
{
  "model": "dashboard.dashboard",
  "pk": 118,
  "fields": {
    "name": "Test NN-All dashboard",
    "description": "",
    "created_at": "2019-08-19T19:54:11.017Z",
    "updated_at": "2019-08-19T19:54:11.017Z",
    "user": 1,
    "group": 172
  }
},
{
  "model": "dashboard.dashboard",
  "pk": 119,
  "fields": {
    "name": "Test CI-All dashboard",
    "description": "",
    "created_at": "2019-08-19T19:54:11.021Z",
    "updated_at": "2019-08-19T19:54:11.021Z",
    "user": 1,
    "group": 173
  }
},
{
  "model": "dashboard.dashboard",
  "pk": 120,
  "fields": {
    "name": "Test MB-All dashboard",
    "description": "",
    "created_at": "2019-08-19T19:54:11.031Z",
    "updated_at": "2019-08-19T19:54:11.031Z",
    "user": 1,
    "group": 174
  }
},
{
  "model": "dashboard.dashboard",
  "pk": 121,
  "fields": {
    "name": "Test CN-All dashboard",
    "description": "",
    "created_at": "2019-08-19T19:54:11.036Z",
    "updated_at": "2019-08-19T19:54:11.036Z",
    "user": 1,
    "group": 175
  }
},
{
  "model": "dashboard.dashboard",
  "pk": 122,
  "fields": {
    "name": "Test BK-All dashboard",
    "description": "",
    "created_at": "2019-08-19T19:54:11.040Z",
    "updated_at": "2019-08-19T19:54:11.040Z",
    "user": 1,
    "group": 176
  }
},
{
  "model": "dashboard.dashboard",
  "pk": 123,
  "fields": {
    "name": "Test NP-All dashboard",
    "description": "",
    "created_at": "2019-08-19T19:54:11.044Z",
    "updated_at": "2019-08-19T19:54:11.044Z",
    "user": 1,
    "group": 177
  }
},
{
  "model": "dashboard.dashboard",
  "pk": 124,
  "fields": {
    "name": "Test TA-All dashboard",
    "description": "",
    "created_at": "2019-08-19T19:54:11.047Z",
    "updated_at": "2019-08-19T19:54:11.047Z",
    "user": 1,
    "group": 178
  }
},
{
  "model": "dashboard.dashboard",
  "pk": 125,
  "fields": {
    "name": "Test CC-All dashboard",
    "description": "",
    "created_at": "2019-08-19T19:54:11.051Z",
    "updated_at": "2019-08-19T19:54:11.051Z",
    "user": 1,
    "group": 179
  }
},
{
  "model": "dashboard.dashboard",
  "pk": 126,
  "fields": {
    "name": "Test PB-All dashboard",
    "description": "",
    "created_at": "2019-08-19T19:54:11.055Z",
    "updated_at": "2019-08-19T19:54:11.055Z",
    "user": 1,
    "group": 180
  }
},
{
  "model": "dashboard.dashboard",
  "pk": 127,
  "fields": {
    "name": "Test UO-All dashboard",
    "description": "",
    "created_at": "2019-08-19T19:54:11.059Z",
    "updated_at": "2019-08-19T19:54:11.059Z",
    "user": 1,
    "group": 181
  }
},
{
  "model": "dashboard.dashboard",
  "pk": 128,
  "fields": {
    "name": "Test HW-All dashboard",
    "description": "",
    "created_at": "2019-08-19T19:54:11.063Z",
    "updated_at": "2019-08-19T19:54:11.063Z",
    "user": 1,
    "group": 182
  }
},
{
  "model": "dashboard.widget",
  "pk": 148,
  "fields": {
    "name": "Test US-All dashboard tab widget",
    "description": "",
    "created_at": "2019-08-19T19:54:11.084Z",
    "updated_at": "2019-08-19T19:54:11.084Z",
    "user": 1,
    "dashboard": 111,
    "widgettype": 14,
    "metrics": [
      282,
      283,
      284,
      285,
      286,
      287,
      288,
      289,
      290,
      291,
      292,
      293,
      294,
      295,
      296,
      297,
      298,
      299,
      300,
      301,
      302,
      303,
      304,
      305,
      306,
      307,
      308,
      309,
      310,
      311,
      312,
      313
    ]
  }
},
{
  "model": "dashboard.widget",
  "pk": 149,
  "fields": {
    "name": "Test US-All dashboard map widget",
    "description": "",
    "created_at": "2019-08-19T19:54:11.087Z",
    "updated_at": "2019-08-19T19:54:11.087Z",
    "user": 1,
    "dashboard": 111,
    "widgettype": 15,
    "metrics": [
      302
    ]
  }
},
{
  "model": "dashboard.widget",
  "pk": 150,
  "fields": {
    "name": "Test LB-All dashboard tab widget",
    "description": "",
    "created_at": "2019-08-19T19:54:11.253Z",
    "updated_at": "2019-08-19T19:54:11.253Z",
    "user": 1,
    "dashboard": 112,
    "widgettype": 14,
    "metrics": [
      282,
      283,
      284,
      285,
      286,
      287,
      288,
      289,
      290,
      291,
      292,
      293,
      294,
      295,
      296,
      297,
      298,
      299,
      300,
      301,
      302,
      303,
      304,
      305,
      306,
      307,
      308,
      309,
      310,
      311,
      312,
      313
    ]
  }
},
{
  "model": "dashboard.widget",
  "pk": 151,
  "fields": {
    "name": "Test LB-All dashboard map widget",
    "description": "",
    "created_at": "2019-08-19T19:54:11.256Z",
    "updated_at": "2019-08-19T19:54:11.256Z",
    "user": 1,
    "dashboard": 112,
    "widgettype": 15,
    "metrics": [
      302
    ]
  }
},
{
  "model": "dashboard.widget",
  "pk": 152,
  "fields": {
    "name": "Test UW-All dashboard tab widget",
    "description": "",
    "created_at": "2019-08-19T19:54:11.448Z",
    "updated_at": "2019-08-19T19:54:11.448Z",
    "user": 1,
    "dashboard": 113,
    "widgettype": 14,
    "metrics": [
      282,
      283,
      284,
      285,
      286,
      287,
      288,
      289,
      290,
      291,
      292,
      293,
      294,
      295,
      296,
      297,
      298,
      299,
      300,
      301,
      302,
      303,
      304,
      305,
      306,
      307,
      308,
      309,
      310,
      311,
      312,
      313
    ]
  }
},
{
  "model": "dashboard.widget",
  "pk": 153,
  "fields": {
    "name": "Test UW-All dashboard map widget",
    "description": "",
    "created_at": "2019-08-19T19:54:11.452Z",
    "updated_at": "2019-08-19T19:54:11.452Z",
    "user": 1,
    "dashboard": 113,
    "widgettype": 15,
    "metrics": [
      302
    ]
  }
},
{
  "model": "dashboard.widget",
  "pk": 154,
  "fields": {
    "name": "Test NV-All dashboard tab widget",
    "description": "",
    "created_at": "2019-08-19T19:54:11.657Z",
    "updated_at": "2019-08-19T19:54:11.657Z",
    "user": 1,
    "dashboard": 114,
    "widgettype": 14,
    "metrics": [
      282,
      283,
      284,
      285,
      286,
      287,
      288,
      289,
      290,
      291,
      292,
      293,
      294,
      295,
      296,
      297,
      298,
      299,
      300,
      301,
      302,
      303,
      304,
      305,
      306,
      307,
      308,
      309,
      310,
      311,
      312,
      313
    ]
  }
},
{
  "model": "dashboard.widget",
  "pk": 155,
  "fields": {
    "name": "Test NV-All dashboard map widget",
    "description": "",
    "created_at": "2019-08-19T19:54:11.660Z",
    "updated_at": "2019-08-19T19:54:11.660Z",
    "user": 1,
    "dashboard": 114,
    "widgettype": 15,
    "metrics": [
      302
    ]
  }
},
{
  "model": "dashboard.widget",
  "pk": 156,
  "fields": {
    "name": "Test IU-All dashboard tab widget",
    "description": "",
    "created_at": "2019-08-19T19:54:11.837Z",
    "updated_at": "2019-08-19T19:54:11.837Z",
    "user": 1,
    "dashboard": 115,
    "widgettype": 14,
    "metrics": [
      282,
      283,
      284,
      285,
      286,
      287,
      288,
      289,
      290,
      291,
      292,
      293,
      294,
      295,
      296,
      297,
      298,
      299,
      300,
      301,
      302,
      303,
      304,
      305,
      306,
      307,
      308,
      309,
      310,
      311,
      312,
      313
    ]
  }
},
{
  "model": "dashboard.widget",
  "pk": 157,
  "fields": {
    "name": "Test IU-All dashboard map widget",
    "description": "",
    "created_at": "2019-08-19T19:54:11.840Z",
    "updated_at": "2019-08-19T19:54:11.840Z",
    "user": 1,
    "dashboard": 115,
    "widgettype": 15,
    "metrics": [
      302
    ]
  }
},
{
  "model": "dashboard.widget",
  "pk": 158,
  "fields": {
    "name": "Test NC-All dashboard tab widget",
    "description": "",
    "created_at": "2019-08-19T19:54:12.023Z",
    "updated_at": "2019-08-19T19:54:12.023Z",
    "user": 1,
    "dashboard": 116,
    "widgettype": 14,
    "metrics": [
      282,
      283,
      284,
      285,
      286,
      287,
      288,
      289,
      290,
      291,
      292,
      293,
      294,
      295,
      296,
      297,
      298,
      299,
      300,
      301,
      302,
      303,
      304,
      305,
      306,
      307,
      308,
      309,
      310,
      311,
      312,
      313
    ]
  }
},
{
  "model": "dashboard.widget",
  "pk": 159,
  "fields": {
    "name": "Test NC-All dashboard map widget",
    "description": "",
    "created_at": "2019-08-19T19:54:12.027Z",
    "updated_at": "2019-08-19T19:54:12.027Z",
    "user": 1,
    "dashboard": 116,
    "widgettype": 15,
    "metrics": [
      302
    ]
  }
},
{
  "model": "dashboard.widget",
  "pk": 160,
  "fields": {
    "name": "Test OO-All dashboard tab widget",
    "description": "",
    "created_at": "2019-08-19T19:54:12.219Z",
    "updated_at": "2019-08-19T19:54:12.219Z",
    "user": 1,
    "dashboard": 117,
    "widgettype": 14,
    "metrics": [
      282,
      283,
      284,
      285,
      286,
      287,
      288,
      289,
      290,
      291,
      292,
      293,
      294,
      295,
      296,
      297,
      298,
      299,
      300,
      301,
      302,
      303,
      304,
      305,
      306,
      307,
      308,
      309,
      310,
      311,
      312,
      313
    ]
  }
},
{
  "model": "dashboard.widget",
  "pk": 161,
  "fields": {
    "name": "Test OO-All dashboard map widget",
    "description": "",
    "created_at": "2019-08-19T19:54:12.223Z",
    "updated_at": "2019-08-19T19:54:12.223Z",
    "user": 1,
    "dashboard": 117,
    "widgettype": 15,
    "metrics": [
      302
    ]
  }
},
{
  "model": "dashboard.widget",
  "pk": 162,
  "fields": {
    "name": "Test NN-All dashboard tab widget",
    "description": "",
    "created_at": "2019-08-19T19:54:12.417Z",
    "updated_at": "2019-08-19T19:54:12.417Z",
    "user": 1,
    "dashboard": 118,
    "widgettype": 14,
    "metrics": [
      282,
      283,
      284,
      285,
      286,
      287,
      288,
      289,
      290,
      291,
      292,
      293,
      294,
      295,
      296,
      297,
      298,
      299,
      300,
      301,
      302,
      303,
      304,
      305,
      306,
      307,
      308,
      309,
      310,
      311,
      312,
      313
    ]
  }
},
{
  "model": "dashboard.widget",
  "pk": 163,
  "fields": {
    "name": "Test NN-All dashboard map widget",
    "description": "",
    "created_at": "2019-08-19T19:54:12.421Z",
    "updated_at": "2019-08-19T19:54:12.421Z",
    "user": 1,
    "dashboard": 118,
    "widgettype": 15,
    "metrics": [
      302
    ]
  }
},
{
  "model": "dashboard.widget",
  "pk": 164,
  "fields": {
    "name": "Test CI-All dashboard tab widget",
    "description": "",
    "created_at": "2019-08-19T19:54:12.675Z",
    "updated_at": "2019-08-19T19:54:12.675Z",
    "user": 1,
    "dashboard": 119,
    "widgettype": 14,
    "metrics": [
      282,
      283,
      284,
      285,
      286,
      287,
      288,
      289,
      290,
      291,
      292,
      293,
      294,
      295,
      296,
      297,
      298,
      299,
      300,
      301,
      302,
      303,
      304,
      305,
      306,
      307,
      308,
      309,
      310,
      311,
      312,
      313
    ]
  }
},
{
  "model": "dashboard.widget",
  "pk": 165,
  "fields": {
    "name": "Test CI-All dashboard map widget",
    "description": "",
    "created_at": "2019-08-19T19:54:12.679Z",
    "updated_at": "2019-08-19T19:54:12.679Z",
    "user": 1,
    "dashboard": 119,
    "widgettype": 15,
    "metrics": [
      302
    ]
  }
},
{
  "model": "dashboard.widget",
  "pk": 166,
  "fields": {
    "name": "Test MB-All dashboard tab widget",
    "description": "",
    "created_at": "2019-08-19T19:54:12.913Z",
    "updated_at": "2019-08-19T19:54:12.913Z",
    "user": 1,
    "dashboard": 120,
    "widgettype": 14,
    "metrics": [
      282,
      283,
      284,
      285,
      286,
      287,
      288,
      289,
      290,
      291,
      292,
      293,
      294,
      295,
      296,
      297,
      298,
      299,
      300,
      301,
      302,
      303,
      304,
      305,
      306,
      307,
      308,
      309,
      310,
      311,
      312,
      313
    ]
  }
},
{
  "model": "dashboard.widget",
  "pk": 167,
  "fields": {
    "name": "Test MB-All dashboard map widget",
    "description": "",
    "created_at": "2019-08-19T19:54:12.915Z",
    "updated_at": "2019-08-19T19:54:12.915Z",
    "user": 1,
    "dashboard": 120,
    "widgettype": 15,
    "metrics": [
      302
    ]
  }
},
{
  "model": "dashboard.widget",
  "pk": 168,
  "fields": {
    "name": "Test CN-All dashboard tab widget",
    "description": "",
    "created_at": "2019-08-19T19:54:13.117Z",
    "updated_at": "2019-08-19T19:54:13.117Z",
    "user": 1,
    "dashboard": 121,
    "widgettype": 14,
    "metrics": [
      282,
      283,
      284,
      285,
      286,
      287,
      288,
      289,
      290,
      291,
      292,
      293,
      294,
      295,
      296,
      297,
      298,
      299,
      300,
      301,
      302,
      303,
      304,
      305,
      306,
      307,
      308,
      309,
      310,
      311,
      312,
      313
    ]
  }
},
{
  "model": "dashboard.widget",
  "pk": 169,
  "fields": {
    "name": "Test CN-All dashboard map widget",
    "description": "",
    "created_at": "2019-08-19T19:54:13.119Z",
    "updated_at": "2019-08-19T19:54:13.120Z",
    "user": 1,
    "dashboard": 121,
    "widgettype": 15,
    "metrics": [
      302
    ]
  }
},
{
  "model": "dashboard.widget",
  "pk": 170,
  "fields": {
    "name": "Test BK-All dashboard tab widget",
    "description": "",
    "created_at": "2019-08-19T19:54:13.342Z",
    "updated_at": "2019-08-19T19:54:13.342Z",
    "user": 1,
    "dashboard": 122,
    "widgettype": 14,
    "metrics": [
      282,
      283,
      284,
      285,
      286,
      287,
      288,
      289,
      290,
      291,
      292,
      293,
      294,
      295,
      296,
      297,
      298,
      299,
      300,
      301,
      302,
      303,
      304,
      305,
      306,
      307,
      308,
      309,
      310,
      311,
      312,
      313
    ]
  }
},
{
  "model": "dashboard.widget",
  "pk": 171,
  "fields": {
    "name": "Test BK-All dashboard map widget",
    "description": "",
    "created_at": "2019-08-19T19:54:13.346Z",
    "updated_at": "2019-08-19T19:54:13.346Z",
    "user": 1,
    "dashboard": 122,
    "widgettype": 15,
    "metrics": [
      302
    ]
  }
},
{
  "model": "dashboard.widget",
  "pk": 172,
  "fields": {
    "name": "Test NP-All dashboard tab widget",
    "description": "",
    "created_at": "2019-08-19T19:54:13.588Z",
    "updated_at": "2019-08-19T19:54:13.589Z",
    "user": 1,
    "dashboard": 123,
    "widgettype": 14,
    "metrics": [
      282,
      283,
      284,
      285,
      286,
      287,
      288,
      289,
      290,
      291,
      292,
      293,
      294,
      295,
      296,
      297,
      298,
      299,
      300,
      301,
      302,
      303,
      304,
      305,
      306,
      307,
      308,
      309,
      310,
      311,
      312,
      313
    ]
  }
},
{
  "model": "dashboard.widget",
  "pk": 173,
  "fields": {
    "name": "Test NP-All dashboard map widget",
    "description": "",
    "created_at": "2019-08-19T19:54:13.593Z",
    "updated_at": "2019-08-19T19:54:13.593Z",
    "user": 1,
    "dashboard": 123,
    "widgettype": 15,
    "metrics": [
      302
    ]
  }
},
{
  "model": "dashboard.widget",
  "pk": 174,
  "fields": {
    "name": "Test TA-All dashboard tab widget",
    "description": "",
    "created_at": "2019-08-19T19:54:13.818Z",
    "updated_at": "2019-08-19T19:54:13.818Z",
    "user": 1,
    "dashboard": 124,
    "widgettype": 14,
    "metrics": [
      282,
      283,
      284,
      285,
      286,
      287,
      288,
      289,
      290,
      291,
      292,
      293,
      294,
      295,
      296,
      297,
      298,
      299,
      300,
      301,
      302,
      303,
      304,
      305,
      306,
      307,
      308,
      309,
      310,
      311,
      312,
      313
    ]
  }
},
{
  "model": "dashboard.widget",
  "pk": 175,
  "fields": {
    "name": "Test TA-All dashboard map widget",
    "description": "",
    "created_at": "2019-08-19T19:54:13.822Z",
    "updated_at": "2019-08-19T19:54:13.822Z",
    "user": 1,
    "dashboard": 124,
    "widgettype": 15,
    "metrics": [
      302
    ]
  }
},
{
  "model": "dashboard.widget",
  "pk": 176,
  "fields": {
    "name": "Test CC-All dashboard tab widget",
    "description": "",
    "created_at": "2019-08-19T19:54:14.005Z",
    "updated_at": "2019-08-19T19:54:14.005Z",
    "user": 1,
    "dashboard": 125,
    "widgettype": 14,
    "metrics": [
      282,
      283,
      284,
      285,
      286,
      287,
      288,
      289,
      290,
      291,
      292,
      293,
      294,
      295,
      296,
      297,
      298,
      299,
      300,
      301,
      302,
      303,
      304,
      305,
      306,
      307,
      308,
      309,
      310,
      311,
      312,
      313
    ]
  }
},
{
  "model": "dashboard.widget",
  "pk": 177,
  "fields": {
    "name": "Test CC-All dashboard map widget",
    "description": "",
    "created_at": "2019-08-19T19:54:14.007Z",
    "updated_at": "2019-08-19T19:54:14.007Z",
    "user": 1,
    "dashboard": 125,
    "widgettype": 15,
    "metrics": [
      302
    ]
  }
},
{
  "model": "dashboard.widget",
  "pk": 178,
  "fields": {
    "name": "Test PB-All dashboard tab widget",
    "description": "",
    "created_at": "2019-08-19T19:54:14.167Z",
    "updated_at": "2019-08-19T19:54:14.167Z",
    "user": 1,
    "dashboard": 126,
    "widgettype": 14,
    "metrics": [
      282,
      283,
      284,
      285,
      286,
      287,
      288,
      289,
      290,
      291,
      292,
      293,
      294,
      295,
      296,
      297,
      298,
      299,
      300,
      301,
      302,
      303,
      304,
      305,
      306,
      307,
      308,
      309,
      310,
      311,
      312,
      313
    ]
  }
},
{
  "model": "dashboard.widget",
  "pk": 179,
  "fields": {
    "name": "Test PB-All dashboard map widget",
    "description": "",
    "created_at": "2019-08-19T19:54:14.171Z",
    "updated_at": "2019-08-19T19:54:14.171Z",
    "user": 1,
    "dashboard": 126,
    "widgettype": 15,
    "metrics": [
      302
    ]
  }
},
{
  "model": "dashboard.widget",
  "pk": 180,
  "fields": {
    "name": "Test UO-All dashboard tab widget",
    "description": "",
    "created_at": "2019-08-19T19:54:14.409Z",
    "updated_at": "2019-08-19T19:54:14.409Z",
    "user": 1,
    "dashboard": 127,
    "widgettype": 14,
    "metrics": [
      282,
      283,
      284,
      285,
      286,
      287,
      288,
      289,
      290,
      291,
      292,
      293,
      294,
      295,
      296,
      297,
      298,
      299,
      300,
      301,
      302,
      303,
      304,
      305,
      306,
      307,
      308,
      309,
      310,
      311,
      312,
      313
    ]
  }
},
{
  "model": "dashboard.widget",
  "pk": 181,
  "fields": {
    "name": "Test UO-All dashboard map widget",
    "description": "",
    "created_at": "2019-08-19T19:54:14.414Z",
    "updated_at": "2019-08-19T19:54:14.414Z",
    "user": 1,
    "dashboard": 127,
    "widgettype": 15,
    "metrics": [
      302
    ]
  }
},
{
  "model": "dashboard.widget",
  "pk": 182,
  "fields": {
    "name": "Test HW-All dashboard tab widget",
    "description": "",
    "created_at": "2019-08-19T19:54:14.605Z",
    "updated_at": "2019-08-19T19:54:14.605Z",
    "user": 1,
    "dashboard": 128,
    "widgettype": 14,
    "metrics": [
      282,
      283,
      284,
      285,
      286,
      287,
      288,
      289,
      290,
      291,
      292,
      293,
      294,
      295,
      296,
      297,
      298,
      299,
      300,
      301,
      302,
      303,
      304,
      305,
      306,
      307,
      308,
      309,
      310,
      311,
      312,
      313
    ]
  }
},
{
  "model": "dashboard.widget",
  "pk": 183,
  "fields": {
    "name": "Test HW-All dashboard map widget",
    "description": "",
    "created_at": "2019-08-19T19:54:14.609Z",
    "updated_at": "2019-08-19T19:54:14.609Z",
    "user": 1,
    "dashboard": 128,
    "widgettype": 15,
    "metrics": [
      302
    ]
  }
}
]
