[
{
  "model": "contenttypes.contenttype",
  "pk": 1,
  "fields": {
    "app_label": "admin",
    "model": "logentry"
  }
},
{
  "model": "contenttypes.contenttype",
  "pk": 2,
  "fields": {
    "app_label": "auth",
    "model": "permission"
  }
},
{
  "model": "contenttypes.contenttype",
  "pk": 3,
  "fields": {
    "app_label": "auth",
    "model": "group"
  }
},
{
  "model": "contenttypes.contenttype",
  "pk": 4,
  "fields": {
    "app_label": "contenttypes",
    "model": "contenttype"
  }
},
{
  "model": "contenttypes.contenttype",
  "pk": 5,
  "fields": {
    "app_label": "sessions",
    "model": "session"
  }
},
{
  "model": "contenttypes.contenttype",
  "pk": 6,
  "fields": {
    "app_label": "authtoken",
    "model": "token"
  }
},
{
  "model": "contenttypes.contenttype",
  "pk": 7,
  "fields": {
    "app_label": "core",
    "model": "user"
  }
},
{
  "model": "contenttypes.contenttype",
  "pk": 8,
  "fields": {
    "app_label": "nslc",
    "model": "channel"
  }
},
{
  "model": "contenttypes.contenttype",
  "pk": 9,
  "fields": {
    "app_label": "nslc",
    "model": "network"
  }
},
{
  "model": "contenttypes.contenttype",
  "pk": 10,
  "fields": {
    "app_label": "nslc",
    "model": "station"
  }
},
{
  "model": "contenttypes.contenttype",
  "pk": 11,
  "fields": {
    "app_label": "nslc",
    "model": "group"
  }
},
{
  "model": "contenttypes.contenttype",
  "pk": 12,
  "fields": {
    "app_label": "measurement",
    "model": "metric"
  }
},
{
  "model": "contenttypes.contenttype",
  "pk": 13,
  "fields": {
    "app_label": "measurement",
    "model": "measurement"
  }
},
{
  "model": "contenttypes.contenttype",
  "pk": 14,
  "fields": {
    "app_label": "dashboard",
    "model": "dashboard"
  }
},
{
  "model": "contenttypes.contenttype",
  "pk": 15,
  "fields": {
    "app_label": "dashboard",
    "model": "widget"
  }
},
{
  "model": "contenttypes.contenttype",
  "pk": 16,
  "fields": {
    "app_label": "dashboard",
    "model": "widgettype"
  }
},
{
  "model": "auth.permission",
  "pk": 1,
  "fields": {
    "name": "Can add log entry",
    "content_type": 1,
    "codename": "add_logentry"
  }
},
{
  "model": "auth.permission",
  "pk": 2,
  "fields": {
    "name": "Can change log entry",
    "content_type": 1,
    "codename": "change_logentry"
  }
},
{
  "model": "auth.permission",
  "pk": 3,
  "fields": {
    "name": "Can delete log entry",
    "content_type": 1,
    "codename": "delete_logentry"
  }
},
{
  "model": "auth.permission",
  "pk": 4,
  "fields": {
    "name": "Can view log entry",
    "content_type": 1,
    "codename": "view_logentry"
  }
},
{
  "model": "auth.permission",
  "pk": 5,
  "fields": {
    "name": "Can add permission",
    "content_type": 2,
    "codename": "add_permission"
  }
},
{
  "model": "auth.permission",
  "pk": 6,
  "fields": {
    "name": "Can change permission",
    "content_type": 2,
    "codename": "change_permission"
  }
},
{
  "model": "auth.permission",
  "pk": 7,
  "fields": {
    "name": "Can delete permission",
    "content_type": 2,
    "codename": "delete_permission"
  }
},
{
  "model": "auth.permission",
  "pk": 8,
  "fields": {
    "name": "Can view permission",
    "content_type": 2,
    "codename": "view_permission"
  }
},
{
  "model": "auth.permission",
  "pk": 9,
  "fields": {
    "name": "Can add group",
    "content_type": 3,
    "codename": "add_group"
  }
},
{
  "model": "auth.permission",
  "pk": 10,
  "fields": {
    "name": "Can change group",
    "content_type": 3,
    "codename": "change_group"
  }
},
{
  "model": "auth.permission",
  "pk": 11,
  "fields": {
    "name": "Can delete group",
    "content_type": 3,
    "codename": "delete_group"
  }
},
{
  "model": "auth.permission",
  "pk": 12,
  "fields": {
    "name": "Can view group",
    "content_type": 3,
    "codename": "view_group"
  }
},
{
  "model": "auth.permission",
  "pk": 13,
  "fields": {
    "name": "Can add content type",
    "content_type": 4,
    "codename": "add_contenttype"
  }
},
{
  "model": "auth.permission",
  "pk": 14,
  "fields": {
    "name": "Can change content type",
    "content_type": 4,
    "codename": "change_contenttype"
  }
},
{
  "model": "auth.permission",
  "pk": 15,
  "fields": {
    "name": "Can delete content type",
    "content_type": 4,
    "codename": "delete_contenttype"
  }
},
{
  "model": "auth.permission",
  "pk": 16,
  "fields": {
    "name": "Can view content type",
    "content_type": 4,
    "codename": "view_contenttype"
  }
},
{
  "model": "auth.permission",
  "pk": 17,
  "fields": {
    "name": "Can add session",
    "content_type": 5,
    "codename": "add_session"
  }
},
{
  "model": "auth.permission",
  "pk": 18,
  "fields": {
    "name": "Can change session",
    "content_type": 5,
    "codename": "change_session"
  }
},
{
  "model": "auth.permission",
  "pk": 19,
  "fields": {
    "name": "Can delete session",
    "content_type": 5,
    "codename": "delete_session"
  }
},
{
  "model": "auth.permission",
  "pk": 20,
  "fields": {
    "name": "Can view session",
    "content_type": 5,
    "codename": "view_session"
  }
},
{
  "model": "auth.permission",
  "pk": 21,
  "fields": {
    "name": "Can add Token",
    "content_type": 6,
    "codename": "add_token"
  }
},
{
  "model": "auth.permission",
  "pk": 22,
  "fields": {
    "name": "Can change Token",
    "content_type": 6,
    "codename": "change_token"
  }
},
{
  "model": "auth.permission",
  "pk": 23,
  "fields": {
    "name": "Can delete Token",
    "content_type": 6,
    "codename": "delete_token"
  }
},
{
  "model": "auth.permission",
  "pk": 24,
  "fields": {
    "name": "Can view Token",
    "content_type": 6,
    "codename": "view_token"
  }
},
{
  "model": "auth.permission",
  "pk": 25,
  "fields": {
    "name": "Can add user",
    "content_type": 7,
    "codename": "add_user"
  }
},
{
  "model": "auth.permission",
  "pk": 26,
  "fields": {
    "name": "Can change user",
    "content_type": 7,
    "codename": "change_user"
  }
},
{
  "model": "auth.permission",
  "pk": 27,
  "fields": {
    "name": "Can delete user",
    "content_type": 7,
    "codename": "delete_user"
  }
},
{
  "model": "auth.permission",
  "pk": 28,
  "fields": {
    "name": "Can view user",
    "content_type": 7,
    "codename": "view_user"
  }
},
{
  "model": "auth.permission",
  "pk": 29,
  "fields": {
    "name": "Can add channel",
    "content_type": 8,
    "codename": "add_channel"
  }
},
{
  "model": "auth.permission",
  "pk": 30,
  "fields": {
    "name": "Can change channel",
    "content_type": 8,
    "codename": "change_channel"
  }
},
{
  "model": "auth.permission",
  "pk": 31,
  "fields": {
    "name": "Can delete channel",
    "content_type": 8,
    "codename": "delete_channel"
  }
},
{
  "model": "auth.permission",
  "pk": 32,
  "fields": {
    "name": "Can view channel",
    "content_type": 8,
    "codename": "view_channel"
  }
},
{
  "model": "auth.permission",
  "pk": 33,
  "fields": {
    "name": "Can add network",
    "content_type": 9,
    "codename": "add_network"
  }
},
{
  "model": "auth.permission",
  "pk": 34,
  "fields": {
    "name": "Can change network",
    "content_type": 9,
    "codename": "change_network"
  }
},
{
  "model": "auth.permission",
  "pk": 35,
  "fields": {
    "name": "Can delete network",
    "content_type": 9,
    "codename": "delete_network"
  }
},
{
  "model": "auth.permission",
  "pk": 36,
  "fields": {
    "name": "Can view network",
    "content_type": 9,
    "codename": "view_network"
  }
},
{
  "model": "auth.permission",
  "pk": 37,
  "fields": {
    "name": "Can add station",
    "content_type": 10,
    "codename": "add_station"
  }
},
{
  "model": "auth.permission",
  "pk": 38,
  "fields": {
    "name": "Can change station",
    "content_type": 10,
    "codename": "change_station"
  }
},
{
  "model": "auth.permission",
  "pk": 39,
  "fields": {
    "name": "Can delete station",
    "content_type": 10,
    "codename": "delete_station"
  }
},
{
  "model": "auth.permission",
  "pk": 40,
  "fields": {
    "name": "Can view station",
    "content_type": 10,
    "codename": "view_station"
  }
},
{
  "model": "auth.permission",
  "pk": 41,
  "fields": {
    "name": "Can add group",
    "content_type": 11,
    "codename": "add_group"
  }
},
{
  "model": "auth.permission",
  "pk": 42,
  "fields": {
    "name": "Can change group",
    "content_type": 11,
    "codename": "change_group"
  }
},
{
  "model": "auth.permission",
  "pk": 43,
  "fields": {
    "name": "Can delete group",
    "content_type": 11,
    "codename": "delete_group"
  }
},
{
  "model": "auth.permission",
  "pk": 44,
  "fields": {
    "name": "Can view group",
    "content_type": 11,
    "codename": "view_group"
  }
},
{
  "model": "auth.permission",
  "pk": 45,
  "fields": {
    "name": "Can add metric",
    "content_type": 12,
    "codename": "add_metric"
  }
},
{
  "model": "auth.permission",
  "pk": 46,
  "fields": {
    "name": "Can change metric",
    "content_type": 12,
    "codename": "change_metric"
  }
},
{
  "model": "auth.permission",
  "pk": 47,
  "fields": {
    "name": "Can delete metric",
    "content_type": 12,
    "codename": "delete_metric"
  }
},
{
  "model": "auth.permission",
  "pk": 48,
  "fields": {
    "name": "Can view metric",
    "content_type": 12,
    "codename": "view_metric"
  }
},
{
  "model": "auth.permission",
  "pk": 49,
  "fields": {
    "name": "Can add measurement",
    "content_type": 13,
    "codename": "add_measurement"
  }
},
{
  "model": "auth.permission",
  "pk": 50,
  "fields": {
    "name": "Can change measurement",
    "content_type": 13,
    "codename": "change_measurement"
  }
},
{
  "model": "auth.permission",
  "pk": 51,
  "fields": {
    "name": "Can delete measurement",
    "content_type": 13,
    "codename": "delete_measurement"
  }
},
{
  "model": "auth.permission",
  "pk": 52,
  "fields": {
    "name": "Can view measurement",
    "content_type": 13,
    "codename": "view_measurement"
  }
},
{
  "model": "auth.permission",
  "pk": 53,
  "fields": {
    "name": "Can add dashboard",
    "content_type": 14,
    "codename": "add_dashboard"
  }
},
{
  "model": "auth.permission",
  "pk": 54,
  "fields": {
    "name": "Can change dashboard",
    "content_type": 14,
    "codename": "change_dashboard"
  }
},
{
  "model": "auth.permission",
  "pk": 55,
  "fields": {
    "name": "Can delete dashboard",
    "content_type": 14,
    "codename": "delete_dashboard"
  }
},
{
  "model": "auth.permission",
  "pk": 56,
  "fields": {
    "name": "Can view dashboard",
    "content_type": 14,
    "codename": "view_dashboard"
  }
},
{
  "model": "auth.permission",
  "pk": 57,
  "fields": {
    "name": "Can add widget",
    "content_type": 15,
    "codename": "add_widget"
  }
},
{
  "model": "auth.permission",
  "pk": 58,
  "fields": {
    "name": "Can change widget",
    "content_type": 15,
    "codename": "change_widget"
  }
},
{
  "model": "auth.permission",
  "pk": 59,
  "fields": {
    "name": "Can delete widget",
    "content_type": 15,
    "codename": "delete_widget"
  }
},
{
  "model": "auth.permission",
  "pk": 60,
  "fields": {
    "name": "Can view widget",
    "content_type": 15,
    "codename": "view_widget"
  }
},
{
  "model": "auth.permission",
  "pk": 61,
  "fields": {
    "name": "Can add widget type",
    "content_type": 16,
    "codename": "add_widgettype"
  }
},
{
  "model": "auth.permission",
  "pk": 62,
  "fields": {
    "name": "Can change widget type",
    "content_type": 16,
    "codename": "change_widgettype"
  }
},
{
  "model": "auth.permission",
  "pk": 63,
  "fields": {
    "name": "Can delete widget type",
    "content_type": 16,
    "codename": "delete_widgettype"
  }
},
{
  "model": "auth.permission",
  "pk": 64,
  "fields": {
    "name": "Can view widget type",
    "content_type": 16,
    "codename": "view_widgettype"
  }
},
{
  "model": "core.user",
  "pk": 1,
  "fields": {
    "password": "pbkdf2_sha256$150000$IUGE9aXL34Nv$l7UY3gwXrppOK8/nmurBOFcTbUuptHh723Y728AC/W0=",
    "last_login": null,
    "is_superuser": false,
    "email": "loader@pnsn.org",
    "name": "",
    "is_active": true,
    "is_staff": false,
    "groups": [],
    "user_permissions": []
  }
},
{
  "model": "nslc.network",
  "pk": 1,
  "fields": {
    "name": "United States",
    "description": null,
    "created_at": "2019-08-16T16:14:22.191Z",
    "updated_at": "2019-08-16T16:14:22.191Z",
    "user": 1,
    "code": "us"
  }
},
{
  "model": "nslc.network",
  "pk": 2,
  "fields": {
    "name": "Leo Brady",
    "description": null,
    "created_at": "2019-08-16T16:14:22.197Z",
    "updated_at": "2019-08-16T16:14:22.197Z",
    "user": 1,
    "code": "lb"
  }
},
{
  "model": "nslc.network",
  "pk": 3,
  "fields": {
    "name": "University of Washington",
    "description": null,
    "created_at": "2019-08-16T16:14:22.202Z",
    "updated_at": "2019-08-16T16:14:22.202Z",
    "user": 1,
    "code": "uw"
  }
},
{
  "model": "nslc.network",
  "pk": 4,
  "fields": {
    "name": "Neptune Canada",
    "description": null,
    "created_at": "2019-08-16T16:14:22.208Z",
    "updated_at": "2019-08-16T16:14:22.208Z",
    "user": 1,
    "code": "nv"
  }
},
{
  "model": "nslc.network",
  "pk": 5,
  "fields": {
    "name": "Global Seismic",
    "description": null,
    "created_at": "2019-08-16T16:14:22.213Z",
    "updated_at": "2019-08-16T16:14:22.213Z",
    "user": 1,
    "code": "iu"
  }
},
{
  "model": "nslc.network",
  "pk": 6,
  "fields": {
    "name": "Northern California",
    "description": null,
    "created_at": "2019-08-16T16:14:22.219Z",
    "updated_at": "2019-08-16T16:14:22.219Z",
    "user": 1,
    "code": "nc"
  }
},
{
  "model": "nslc.network",
  "pk": 7,
  "fields": {
    "name": "Ocean Observatory",
    "description": null,
    "created_at": "2019-08-16T16:14:22.225Z",
    "updated_at": "2019-08-16T16:14:22.225Z",
    "user": 1,
    "code": "oo"
  }
},
{
  "model": "nslc.network",
  "pk": 8,
  "fields": {
    "name": "Nevada",
    "description": null,
    "created_at": "2019-08-16T16:14:22.232Z",
    "updated_at": "2019-08-16T16:14:22.233Z",
    "user": 1,
    "code": "nn"
  }
},
{
  "model": "nslc.network",
  "pk": 9,
  "fields": {
    "name": "Southern California",
    "description": null,
    "created_at": "2019-08-16T16:14:22.240Z",
    "updated_at": "2019-08-16T16:14:22.240Z",
    "user": 1,
    "code": "ci"
  }
},
{
  "model": "nslc.network",
  "pk": 10,
  "fields": {
    "name": "Montana",
    "description": null,
    "created_at": "2019-08-16T16:14:22.247Z",
    "updated_at": "2019-08-16T16:14:22.247Z",
    "user": 1,
    "code": "mb"
  }
},
{
  "model": "nslc.network",
  "pk": 11,
  "fields": {
    "name": "Canada",
    "description": null,
    "created_at": "2019-08-16T16:14:22.254Z",
    "updated_at": "2019-08-16T16:14:22.254Z",
    "user": 1,
    "code": "cn"
  }
},
{
  "model": "nslc.network",
  "pk": 12,
  "fields": {
    "name": "Berkley",
    "description": null,
    "created_at": "2019-08-16T16:14:22.261Z",
    "updated_at": "2019-08-16T16:14:22.261Z",
    "user": 1,
    "code": "bk"
  }
},
{
  "model": "nslc.network",
  "pk": 13,
  "fields": {
    "name": "Strong Motion Network",
    "description": null,
    "created_at": "2019-08-16T16:14:22.268Z",
    "updated_at": "2019-08-16T16:14:22.268Z",
    "user": 1,
    "code": "np"
  }
},
{
  "model": "nslc.network",
  "pk": 14,
  "fields": {
    "name": "Transportable Array",
    "description": null,
    "created_at": "2019-08-16T16:14:22.275Z",
    "updated_at": "2019-08-16T16:14:22.275Z",
    "user": 1,
    "code": "ta"
  }
},
{
  "model": "nslc.network",
  "pk": 15,
  "fields": {
    "name": "Cascade Volcanic Observatory",
    "description": null,
    "created_at": "2019-08-16T16:14:22.282Z",
    "updated_at": "2019-08-16T16:14:22.282Z",
    "user": 1,
    "code": "cc"
  }
},
{
  "model": "nslc.network",
  "pk": 16,
  "fields": {
    "name": "Plate Boundary Observatory",
    "description": null,
    "created_at": "2019-08-16T16:14:22.289Z",
    "updated_at": "2019-08-16T16:14:22.289Z",
    "user": 1,
    "code": "pb"
  }
},
{
  "model": "nslc.network",
  "pk": 17,
  "fields": {
    "name": "University of Oregon",
    "description": null,
    "created_at": "2019-08-16T16:14:22.297Z",
    "updated_at": "2019-08-16T16:14:22.297Z",
    "user": 1,
    "code": "uo"
  }
},
{
  "model": "nslc.network",
  "pk": 18,
  "fields": {
    "name": "Hanford",
    "description": null,
    "created_at": "2019-08-16T16:14:22.303Z",
    "updated_at": "2019-08-16T16:14:22.303Z",
    "user": 1,
    "code": "hw"
  }
},
{
  "model": "nslc.station",
  "pk": 1,
  "fields": {
    "name": "Nicolai Mt., Oregon",
    "description": null,
    "created_at": "2019-08-16T16:14:22.316Z",
    "updated_at": "2019-08-16T16:14:22.316Z",
    "user": 1,
    "code": "nlo",
    "network": 3
  }
},
{
  "model": "nslc.station",
  "pk": 2,
  "fields": {
    "name": "Goldendale Observatory, WA, USA",
    "description": null,
    "created_at": "2019-08-16T16:14:22.331Z",
    "updated_at": "2019-08-16T16:14:22.331Z",
    "user": 1,
    "code": "gldo",
    "network": 3
  }
},
{
  "model": "nslc.station",
  "pk": 3,
  "fields": {
    "name": "Elkon Grade School Bus Garage, Elkton, OR, USA",
    "description": null,
    "created_at": "2019-08-16T16:14:22.377Z",
    "updated_at": "2019-08-16T16:14:22.377Z",
    "user": 1,
    "code": "eton",
    "network": 17
  }
},
{
  "model": "nslc.station",
  "pk": 4,
  "fields": {
    "name": "Kings Valley Charter School, Philomath, OR, USA",
    "description": null,
    "created_at": "2019-08-16T16:14:22.420Z",
    "updated_at": "2019-08-16T16:14:22.420Z",
    "user": 1,
    "code": "kvcs",
    "network": 17
  }
},
{
  "model": "nslc.channel",
  "pk": 1,
  "fields": {
    "name": "EHZ",
    "description": null,
    "created_at": "2019-08-16T16:14:22.325Z",
    "updated_at": "2019-08-16T16:14:22.325Z",
    "user": 1,
    "code": "ehz",
    "sample_rate": -1.0,
    "loc": "--",
    "lat": 46.08924,
    "lon": -123.45173,
    "elev": 826.0,
    "station": 1
  }
},
{
  "model": "nslc.channel",
  "pk": 2,
  "fields": {
    "name": "ENZ",
    "description": null,
    "created_at": "2019-08-16T16:14:22.336Z",
    "updated_at": "2019-08-16T16:14:22.336Z",
    "user": 1,
    "code": "enz",
    "sample_rate": -1.0,
    "loc": "--",
    "lat": 45.83878,
    "lon": -120.81479,
    "elev": 610.0,
    "station": 2
  }
},
{
  "model": "nslc.channel",
  "pk": 3,
  "fields": {
    "name": "EHZ",
    "description": null,
    "created_at": "2019-08-16T16:14:22.343Z",
    "updated_at": "2019-08-16T16:14:22.343Z",
    "user": 1,
    "code": "ehz",
    "sample_rate": -1.0,
    "loc": "--",
    "lat": 45.83878,
    "lon": -120.81479,
    "elev": 610.0,
    "station": 2
  }
},
{
  "model": "nslc.channel",
  "pk": 4,
  "fields": {
    "name": "ENE",
    "description": null,
    "created_at": "2019-08-16T16:14:22.357Z",
    "updated_at": "2019-08-16T16:14:22.357Z",
    "user": 1,
    "code": "ene",
    "sample_rate": -1.0,
    "loc": "--",
    "lat": 45.83878,
    "lon": -120.81479,
    "elev": 610.0,
    "station": 2
  }
},
{
  "model": "nslc.channel",
  "pk": 5,
  "fields": {
    "name": "ENN",
    "description": null,
    "created_at": "2019-08-16T16:14:22.370Z",
    "updated_at": "2019-08-16T16:14:22.370Z",
    "user": 1,
    "code": "enn",
    "sample_rate": -1.0,
    "loc": "--",
    "lat": 45.83878,
    "lon": -120.81479,
    "elev": 610.0,
    "station": 2
  }
},
{
  "model": "nslc.channel",
  "pk": 6,
  "fields": {
    "name": "HNE",
    "description": null,
    "created_at": "2019-08-16T16:14:22.389Z",
    "updated_at": "2019-08-16T16:14:22.389Z",
    "user": 1,
    "code": "hne",
    "sample_rate": -1.0,
    "loc": "--",
    "lat": 43.6409,
    "lon": -123.58076,
    "elev": 36.0,
    "station": 3
  }
},
{
  "model": "nslc.channel",
  "pk": 7,
  "fields": {
    "name": "HNN",
    "description": null,
    "created_at": "2019-08-16T16:14:22.401Z",
    "updated_at": "2019-08-16T16:14:22.401Z",
    "user": 1,
    "code": "hnn",
    "sample_rate": -1.0,
    "loc": "--",
    "lat": 43.6409,
    "lon": -123.58076,
    "elev": 36.0,
    "station": 3
  }
},
{
  "model": "nslc.channel",
  "pk": 8,
  "fields": {
    "name": "HNZ",
    "description": null,
    "created_at": "2019-08-16T16:14:22.411Z",
    "updated_at": "2019-08-16T16:14:22.411Z",
    "user": 1,
    "code": "hnz",
    "sample_rate": -1.0,
    "loc": "--",
    "lat": 43.6409,
    "lon": -123.58076,
    "elev": 36.0,
    "station": 3
  }
},
{
  "model": "nslc.channel",
  "pk": 9,
  "fields": {
    "name": "HNE",
    "description": null,
    "created_at": "2019-08-16T16:14:22.427Z",
    "updated_at": "2019-08-16T16:14:22.427Z",
    "user": 1,
    "code": "hne",
    "sample_rate": -1.0,
    "loc": "--",
    "lat": 44.69453,
    "lon": -123.43416,
    "elev": 94.0,
    "station": 4
  }
},
{
  "model": "nslc.channel",
  "pk": 10,
  "fields": {
    "name": "HNN",
    "description": null,
    "created_at": "2019-08-16T16:14:22.439Z",
    "updated_at": "2019-08-16T16:14:22.439Z",
    "user": 1,
    "code": "hnn",
    "sample_rate": -1.0,
    "loc": "--",
    "lat": 44.69453,
    "lon": -123.43416,
    "elev": 94.0,
    "station": 4
  }
},
{
  "model": "nslc.group",
  "pk": 1,
  "fields": {
    "user": 1,
    "name": "UW-All",
    "description": "All UW stations",
    "is_public": false,
    "created_at": "2019-08-16T16:14:22.443Z",
    "updated_at": "2019-08-16T16:14:22.443Z",
    "channels": [
      1,
      2,
      3,
      4,
      5
    ]
  }
},
{
  "model": "nslc.group",
  "pk": 2,
  "fields": {
    "user": 1,
    "name": "UO-All",
    "description": "All UO stations",
    "is_public": false,
    "created_at": "2019-08-16T16:14:22.448Z",
    "updated_at": "2019-08-16T16:14:22.448Z",
    "channels": [
      6,
      7,
      8,
      9,
      10
    ]
  }
},
{
  "model": "measurement.metric",
  "pk": 1,
  "fields": {
    "created_at": "2019-08-16T16:14:30.962Z",
    "updated_at": "2019-08-16T16:14:30.962Z",
    "user": 1,
    "name": "snr10_0p01cm",
    "description": "Number of spikes with SNR > 10 and amplitude exceeding 0.01 cm/s^2 using filterd acceleration data.\n",
    "unit": "integer",
    "url": ""
  }
},
{
  "model": "measurement.metric",
  "pk": 2,
  "fields": {
    "created_at": "2019-08-16T16:14:30.974Z",
    "updated_at": "2019-08-16T16:14:30.974Z",
    "user": 1,
    "name": "snr20_0p05cm",
    "description": "Number of spikes with SNR > 20 and amplitude exceeding 0.05 cm/s^2 using filterd acceleration data.\n",
    "unit": "integer",
    "url": ""
  }
},
{
  "model": "measurement.metric",
  "pk": 3,
  "fields": {
    "created_at": "2019-08-16T16:14:30.982Z",
    "updated_at": "2019-08-16T16:14:30.982Z",
    "user": 1,
    "name": "snr20_0p17cm",
    "description": "Number of spikes with SNR > 20 and amplitude exceeding 0.17 cm/s^2 using filterd acceleration data (ShakeAlert station acceptance threshold using filter of 0.3 - 15Hz).\n",
    "unit": "integer",
    "url": ""
  }
},
{
  "model": "measurement.metric",
  "pk": 4,
  "fields": {
    "created_at": "2019-08-16T16:14:30.991Z",
    "updated_at": "2019-08-16T16:14:30.991Z",
    "user": 1,
    "name": "snr20_1cm",
    "description": "Number of spikes with SNR > 20 and amplitude exceeding 1 cm/s^2 using filterd acceleration data.\n",
    "unit": "integer",
    "url": ""
  }
},
{
  "model": "measurement.metric",
  "pk": 5,
  "fields": {
    "created_at": "2019-08-16T16:14:31.001Z",
    "updated_at": "2019-08-16T16:14:31.001Z",
    "user": 1,
    "name": "snr20_3cm",
    "description": "Number of spikes with SNR > 20 and amplitude exceeding 3 cm/s^2 using filterd acceleration data.\n",
    "unit": "integer",
    "url": ""
  }
},
{
  "model": "measurement.metric",
  "pk": 6,
  "fields": {
    "created_at": "2019-08-16T16:14:31.018Z",
    "updated_at": "2019-08-16T16:14:31.018Z",
    "user": 1,
    "name": "snr20_5cm",
    "description": "Number of spikes with SNR > 20 and amplitude exceeding 5 cm/s^2 using filterd acceleration data.\n",
    "unit": "integer",
    "url": ""
  }
},
{
  "model": "measurement.metric",
  "pk": 7,
  "fields": {
    "created_at": "2019-08-16T16:14:31.029Z",
    "updated_at": "2019-08-16T16:14:31.029Z",
    "user": 1,
    "name": "pow50sec",
    "description": "Power at 50 seconds.\n",
    "unit": "dB",
    "url": ""
  }
},
{
  "model": "measurement.metric",
  "pk": 8,
  "fields": {
    "created_at": "2019-08-16T16:14:31.039Z",
    "updated_at": "2019-08-16T16:14:31.039Z",
    "user": 1,
    "name": "pow12sec",
    "description": "Power at 12 seconds.\n",
    "unit": "dB",
    "url": ""
  }
},
{
  "model": "measurement.metric",
  "pk": 9,
  "fields": {
    "created_at": "2019-08-16T16:14:31.048Z",
    "updated_at": "2019-08-16T16:14:31.048Z",
    "user": 1,
    "name": "pow1Hz",
    "description": "Power at 1 Hertz.\n",
    "unit": "dB",
    "url": ""
  }
},
{
  "model": "measurement.metric",
  "pk": 10,
  "fields": {
    "created_at": "2019-08-16T16:14:31.057Z",
    "updated_at": "2019-08-16T16:14:31.057Z",
    "user": 1,
    "name": "pow5Hz",
    "description": "Power at 5 Hertz.\n",
    "unit": "dB",
    "url": ""
  }
},
{
  "model": "measurement.metric",
  "pk": 11,
  "fields": {
    "created_at": "2019-08-16T16:14:31.067Z",
    "updated_at": "2019-08-16T16:14:31.067Z",
    "user": 1,
    "name": "pow10Hz",
    "description": "Power at 10 Hertz.\n",
    "unit": "dB",
    "url": ""
  }
},
{
  "model": "measurement.metric",
  "pk": 12,
  "fields": {
    "created_at": "2019-08-16T16:14:31.078Z",
    "updated_at": "2019-08-16T16:14:31.078Z",
    "user": 1,
    "name": "pow20Hz",
    "description": "Power at 20 Hertz.\n",
    "unit": "dB",
    "url": ""
  }
},
{
  "model": "measurement.metric",
  "pk": 13,
  "fields": {
    "created_at": "2019-08-16T16:14:31.087Z",
    "updated_at": "2019-08-16T16:14:31.087Z",
    "user": 1,
    "name": "pow50Hz",
    "description": "Power at 50 Hertz.\n",
    "unit": "dB",
    "url": ""
  }
},
{
  "model": "measurement.metric",
  "pk": 14,
  "fields": {
    "created_at": "2019-08-16T16:14:31.097Z",
    "updated_at": "2019-08-16T16:14:31.097Z",
    "user": 1,
    "name": "NoiseFloorAcc",
    "description": "Range the 2nd to 98th percentile of sorted acceleration amplitudes which approximates median envelope amplitude.\n",
    "unit": "cm/s^2",
    "url": ""
  }
},
{
  "model": "measurement.metric",
  "pk": 15,
  "fields": {
    "created_at": "2019-08-16T16:14:31.107Z",
    "updated_at": "2019-08-16T16:14:31.107Z",
    "user": 1,
    "name": "NoiseFloorVel",
    "description": "Range of the 2nd to 98th percentile of sorted velocity amplitudes which approximates median envelope amplitude.\n",
    "unit": "cm/s",
    "url": ""
  }
},
{
  "model": "measurement.metric",
  "pk": 16,
  "fields": {
    "created_at": "2019-08-16T16:14:31.116Z",
    "updated_at": "2019-08-16T16:14:31.116Z",
    "user": 1,
    "name": "rawrange",
    "description": "Range in counts.\n",
    "unit": "counts",
    "url": ""
  }
},
{
  "model": "measurement.metric",
  "pk": 17,
  "fields": {
    "created_at": "2019-08-16T16:14:31.125Z",
    "updated_at": "2019-08-16T16:14:31.125Z",
    "user": 1,
    "name": "rawmean",
    "description": "Mean.\n",
    "unit": "counts",
    "url": ""
  }
},
{
  "model": "measurement.metric",
  "pk": 18,
  "fields": {
    "created_at": "2019-08-16T16:14:31.135Z",
    "updated_at": "2019-08-16T16:14:31.135Z",
    "user": 1,
    "name": "rawmin",
    "description": "Minimum amplitude.\n",
    "unit": "counts",
    "url": ""
  }
},
{
  "model": "measurement.metric",
  "pk": 19,
  "fields": {
    "created_at": "2019-08-16T16:14:31.144Z",
    "updated_at": "2019-08-16T16:14:31.144Z",
    "user": 1,
    "name": "rawmax",
    "description": "Maximum amplitude.\n",
    "unit": "counts",
    "url": ""
  }
}
]
