[
{
  "model": "contenttypes.contenttype",
  "pk": 1,
  "fields": {
    "app_label": "admin",
    "model": "logentry"
  }
},
{
  "model": "contenttypes.contenttype",
  "pk": 2,
  "fields": {
    "app_label": "auth",
    "model": "permission"
  }
},
{
  "model": "contenttypes.contenttype",
  "pk": 3,
  "fields": {
    "app_label": "auth",
    "model": "group"
  }
},
{
  "model": "contenttypes.contenttype",
  "pk": 4,
  "fields": {
    "app_label": "contenttypes",
    "model": "contenttype"
  }
},
{
  "model": "contenttypes.contenttype",
  "pk": 5,
  "fields": {
    "app_label": "sessions",
    "model": "session"
  }
},
{
  "model": "contenttypes.contenttype",
  "pk": 6,
  "fields": {
    "app_label": "authtoken",
    "model": "token"
  }
},
{
  "model": "contenttypes.contenttype",
  "pk": 7,
  "fields": {
    "app_label": "core",
    "model": "user"
  }
},
{
  "model": "contenttypes.contenttype",
  "pk": 8,
  "fields": {
    "app_label": "nslc",
    "model": "channel"
  }
},
{
  "model": "contenttypes.contenttype",
  "pk": 9,
  "fields": {
    "app_label": "nslc",
    "model": "network"
  }
},
{
  "model": "contenttypes.contenttype",
  "pk": 10,
  "fields": {
    "app_label": "nslc",
    "model": "station"
  }
},
{
  "model": "contenttypes.contenttype",
  "pk": 11,
  "fields": {
    "app_label": "nslc",
    "model": "group"
  }
},
{
  "model": "contenttypes.contenttype",
  "pk": 12,
  "fields": {
    "app_label": "nslc",
    "model": "channelgroup"
  }
},
{
  "model": "contenttypes.contenttype",
  "pk": 13,
  "fields": {
    "app_label": "measurement",
    "model": "alarm"
  }
},
{
  "model": "contenttypes.contenttype",
  "pk": 14,
  "fields": {
    "app_label": "measurement",
    "model": "datasource"
  }
},
{
  "model": "contenttypes.contenttype",
  "pk": 15,
  "fields": {
    "app_label": "measurement",
    "model": "group"
  }
},
{
  "model": "contenttypes.contenttype",
  "pk": 16,
  "fields": {
    "app_label": "measurement",
    "model": "metric"
  }
},
{
  "model": "contenttypes.contenttype",
  "pk": 17,
  "fields": {
    "app_label": "measurement",
    "model": "metricgroup"
  }
},
{
  "model": "contenttypes.contenttype",
  "pk": 18,
  "fields": {
    "app_label": "measurement",
    "model": "trigger"
  }
},
{
  "model": "contenttypes.contenttype",
  "pk": 19,
  "fields": {
    "app_label": "measurement",
    "model": "threshold"
  }
},
{
  "model": "contenttypes.contenttype",
  "pk": 20,
  "fields": {
    "app_label": "measurement",
    "model": "measurement"
  }
},
{
  "model": "sessions.session",
  "pk": "57vocktfy0ypujgeapkt1lz09prdyik8",
  "fields": {
    "session_data": "MWRmMjZmZGZjMGI2NTVlZWIwMmQ0ZWQ5NTZjMmVhMjQzMmZhMTcxOTp7Il9hdXRoX3VzZXJfaWQiOiIxIiwiX2F1dGhfdXNlcl9iYWNrZW5kIjoiZGphbmdvLmNvbnRyaWIuYXV0aC5iYWNrZW5kcy5Nb2RlbEJhY2tlbmQiLCJfYXV0aF91c2VyX2hhc2giOiI5N2YyZWI3ZmRlZWVjNjI5NGYwZTNkMzljNDUyMDcxYjBmOWZjNmE1In0=",
    "expire_date": "2019-08-26T23:09:56.925Z"
  }
},
{
  "model": "auth.permission",
  "pk": 1,
  "fields": {
    "name": "Can add log entry",
    "content_type": 1,
    "codename": "add_logentry"
  }
},
{
  "model": "auth.permission",
  "pk": 2,
  "fields": {
    "name": "Can change log entry",
    "content_type": 1,
    "codename": "change_logentry"
  }
},
{
  "model": "auth.permission",
  "pk": 3,
  "fields": {
    "name": "Can delete log entry",
    "content_type": 1,
    "codename": "delete_logentry"
  }
},
{
  "model": "auth.permission",
  "pk": 4,
  "fields": {
    "name": "Can view log entry",
    "content_type": 1,
    "codename": "view_logentry"
  }
},
{
  "model": "auth.permission",
  "pk": 5,
  "fields": {
    "name": "Can add permission",
    "content_type": 2,
    "codename": "add_permission"
  }
},
{
  "model": "auth.permission",
  "pk": 6,
  "fields": {
    "name": "Can change permission",
    "content_type": 2,
    "codename": "change_permission"
  }
},
{
  "model": "auth.permission",
  "pk": 7,
  "fields": {
    "name": "Can delete permission",
    "content_type": 2,
    "codename": "delete_permission"
  }
},
{
  "model": "auth.permission",
  "pk": 8,
  "fields": {
    "name": "Can view permission",
    "content_type": 2,
    "codename": "view_permission"
  }
},
{
  "model": "auth.permission",
  "pk": 9,
  "fields": {
    "name": "Can add group",
    "content_type": 3,
    "codename": "add_group"
  }
},
{
  "model": "auth.permission",
  "pk": 10,
  "fields": {
    "name": "Can change group",
    "content_type": 3,
    "codename": "change_group"
  }
},
{
  "model": "auth.permission",
  "pk": 11,
  "fields": {
    "name": "Can delete group",
    "content_type": 3,
    "codename": "delete_group"
  }
},
{
  "model": "auth.permission",
  "pk": 12,
  "fields": {
    "name": "Can view group",
    "content_type": 3,
    "codename": "view_group"
  }
},
{
  "model": "auth.permission",
  "pk": 13,
  "fields": {
    "name": "Can add content type",
    "content_type": 4,
    "codename": "add_contenttype"
  }
},
{
  "model": "auth.permission",
  "pk": 14,
  "fields": {
    "name": "Can change content type",
    "content_type": 4,
    "codename": "change_contenttype"
  }
},
{
  "model": "auth.permission",
  "pk": 15,
  "fields": {
    "name": "Can delete content type",
    "content_type": 4,
    "codename": "delete_contenttype"
  }
},
{
  "model": "auth.permission",
  "pk": 16,
  "fields": {
    "name": "Can view content type",
    "content_type": 4,
    "codename": "view_contenttype"
  }
},
{
  "model": "auth.permission",
  "pk": 17,
  "fields": {
    "name": "Can add session",
    "content_type": 5,
    "codename": "add_session"
  }
},
{
  "model": "auth.permission",
  "pk": 18,
  "fields": {
    "name": "Can change session",
    "content_type": 5,
    "codename": "change_session"
  }
},
{
  "model": "auth.permission",
  "pk": 19,
  "fields": {
    "name": "Can delete session",
    "content_type": 5,
    "codename": "delete_session"
  }
},
{
  "model": "auth.permission",
  "pk": 20,
  "fields": {
    "name": "Can view session",
    "content_type": 5,
    "codename": "view_session"
  }
},
{
  "model": "auth.permission",
  "pk": 21,
  "fields": {
    "name": "Can add Token",
    "content_type": 6,
    "codename": "add_token"
  }
},
{
  "model": "auth.permission",
  "pk": 22,
  "fields": {
    "name": "Can change Token",
    "content_type": 6,
    "codename": "change_token"
  }
},
{
  "model": "auth.permission",
  "pk": 23,
  "fields": {
    "name": "Can delete Token",
    "content_type": 6,
    "codename": "delete_token"
  }
},
{
  "model": "auth.permission",
  "pk": 24,
  "fields": {
    "name": "Can view Token",
    "content_type": 6,
    "codename": "view_token"
  }
},
{
  "model": "auth.permission",
  "pk": 25,
  "fields": {
    "name": "Can add user",
    "content_type": 7,
    "codename": "add_user"
  }
},
{
  "model": "auth.permission",
  "pk": 26,
  "fields": {
    "name": "Can change user",
    "content_type": 7,
    "codename": "change_user"
  }
},
{
  "model": "auth.permission",
  "pk": 27,
  "fields": {
    "name": "Can delete user",
    "content_type": 7,
    "codename": "delete_user"
  }
},
{
  "model": "auth.permission",
  "pk": 28,
  "fields": {
    "name": "Can view user",
    "content_type": 7,
    "codename": "view_user"
  }
},
{
  "model": "auth.permission",
  "pk": 29,
  "fields": {
    "name": "Can add channel",
    "content_type": 8,
    "codename": "add_channel"
  }
},
{
  "model": "auth.permission",
  "pk": 30,
  "fields": {
    "name": "Can change channel",
    "content_type": 8,
    "codename": "change_channel"
  }
},
{
  "model": "auth.permission",
  "pk": 31,
  "fields": {
    "name": "Can delete channel",
    "content_type": 8,
    "codename": "delete_channel"
  }
},
{
  "model": "auth.permission",
  "pk": 32,
  "fields": {
    "name": "Can view channel",
    "content_type": 8,
    "codename": "view_channel"
  }
},
{
  "model": "auth.permission",
  "pk": 33,
  "fields": {
    "name": "Can add network",
    "content_type": 9,
    "codename": "add_network"
  }
},
{
  "model": "auth.permission",
  "pk": 34,
  "fields": {
    "name": "Can change network",
    "content_type": 9,
    "codename": "change_network"
  }
},
{
  "model": "auth.permission",
  "pk": 35,
  "fields": {
    "name": "Can delete network",
    "content_type": 9,
    "codename": "delete_network"
  }
},
{
  "model": "auth.permission",
  "pk": 36,
  "fields": {
    "name": "Can view network",
    "content_type": 9,
    "codename": "view_network"
  }
},
{
  "model": "auth.permission",
  "pk": 37,
  "fields": {
    "name": "Can add station",
    "content_type": 10,
    "codename": "add_station"
  }
},
{
  "model": "auth.permission",
  "pk": 38,
  "fields": {
    "name": "Can change station",
    "content_type": 10,
    "codename": "change_station"
  }
},
{
  "model": "auth.permission",
  "pk": 39,
  "fields": {
    "name": "Can delete station",
    "content_type": 10,
    "codename": "delete_station"
  }
},
{
  "model": "auth.permission",
  "pk": 40,
  "fields": {
    "name": "Can view station",
    "content_type": 10,
    "codename": "view_station"
  }
},
{
  "model": "auth.permission",
  "pk": 41,
  "fields": {
    "name": "Can add group",
    "content_type": 11,
    "codename": "add_group"
  }
},
{
  "model": "auth.permission",
  "pk": 42,
  "fields": {
    "name": "Can change group",
    "content_type": 11,
    "codename": "change_group"
  }
},
{
  "model": "auth.permission",
  "pk": 43,
  "fields": {
    "name": "Can delete group",
    "content_type": 11,
    "codename": "delete_group"
  }
},
{
  "model": "auth.permission",
  "pk": 44,
  "fields": {
    "name": "Can view group",
    "content_type": 11,
    "codename": "view_group"
  }
},
{
  "model": "auth.permission",
  "pk": 45,
  "fields": {
    "name": "Can add channel group",
    "content_type": 12,
    "codename": "add_channelgroup"
  }
},
{
  "model": "auth.permission",
  "pk": 46,
  "fields": {
    "name": "Can change channel group",
    "content_type": 12,
    "codename": "change_channelgroup"
  }
},
{
  "model": "auth.permission",
  "pk": 47,
  "fields": {
    "name": "Can delete channel group",
    "content_type": 12,
    "codename": "delete_channelgroup"
  }
},
{
  "model": "auth.permission",
  "pk": 48,
  "fields": {
    "name": "Can view channel group",
    "content_type": 12,
    "codename": "view_channelgroup"
  }
},
{
  "model": "auth.permission",
  "pk": 49,
  "fields": {
    "name": "Can add alarm",
    "content_type": 13,
    "codename": "add_alarm"
  }
},
{
  "model": "auth.permission",
  "pk": 50,
  "fields": {
    "name": "Can change alarm",
    "content_type": 13,
    "codename": "change_alarm"
  }
},
{
  "model": "auth.permission",
  "pk": 51,
  "fields": {
    "name": "Can delete alarm",
    "content_type": 13,
    "codename": "delete_alarm"
  }
},
{
  "model": "auth.permission",
  "pk": 52,
  "fields": {
    "name": "Can view alarm",
    "content_type": 13,
    "codename": "view_alarm"
  }
},
{
  "model": "auth.permission",
  "pk": 53,
  "fields": {
    "name": "Can add data source",
    "content_type": 14,
    "codename": "add_datasource"
  }
},
{
  "model": "auth.permission",
  "pk": 54,
  "fields": {
    "name": "Can change data source",
    "content_type": 14,
    "codename": "change_datasource"
  }
},
{
  "model": "auth.permission",
  "pk": 55,
  "fields": {
    "name": "Can delete data source",
    "content_type": 14,
    "codename": "delete_datasource"
  }
},
{
  "model": "auth.permission",
  "pk": 56,
  "fields": {
    "name": "Can view data source",
    "content_type": 14,
    "codename": "view_datasource"
  }
},
{
  "model": "auth.permission",
  "pk": 57,
  "fields": {
    "name": "Can add group",
    "content_type": 15,
    "codename": "add_group"
  }
},
{
  "model": "auth.permission",
  "pk": 58,
  "fields": {
    "name": "Can change group",
    "content_type": 15,
    "codename": "change_group"
  }
},
{
  "model": "auth.permission",
  "pk": 59,
  "fields": {
    "name": "Can delete group",
    "content_type": 15,
    "codename": "delete_group"
  }
},
{
  "model": "auth.permission",
  "pk": 60,
  "fields": {
    "name": "Can view group",
    "content_type": 15,
    "codename": "view_group"
  }
},
{
  "model": "auth.permission",
  "pk": 61,
  "fields": {
    "name": "Can add metric",
    "content_type": 16,
    "codename": "add_metric"
  }
},
{
  "model": "auth.permission",
  "pk": 62,
  "fields": {
    "name": "Can change metric",
    "content_type": 16,
    "codename": "change_metric"
  }
},
{
  "model": "auth.permission",
  "pk": 63,
  "fields": {
    "name": "Can delete metric",
    "content_type": 16,
    "codename": "delete_metric"
  }
},
{
  "model": "auth.permission",
  "pk": 64,
  "fields": {
    "name": "Can view metric",
    "content_type": 16,
    "codename": "view_metric"
  }
},
{
  "model": "auth.permission",
  "pk": 65,
  "fields": {
    "name": "Can add metric group",
    "content_type": 17,
    "codename": "add_metricgroup"
  }
},
{
  "model": "auth.permission",
  "pk": 66,
  "fields": {
    "name": "Can change metric group",
    "content_type": 17,
    "codename": "change_metricgroup"
  }
},
{
  "model": "auth.permission",
  "pk": 67,
  "fields": {
    "name": "Can delete metric group",
    "content_type": 17,
    "codename": "delete_metricgroup"
  }
},
{
  "model": "auth.permission",
  "pk": 68,
  "fields": {
    "name": "Can view metric group",
    "content_type": 17,
    "codename": "view_metricgroup"
  }
},
{
  "model": "auth.permission",
  "pk": 69,
  "fields": {
    "name": "Can add trigger",
    "content_type": 18,
    "codename": "add_trigger"
  }
},
{
  "model": "auth.permission",
  "pk": 70,
  "fields": {
    "name": "Can change trigger",
    "content_type": 18,
    "codename": "change_trigger"
  }
},
{
  "model": "auth.permission",
  "pk": 71,
  "fields": {
    "name": "Can delete trigger",
    "content_type": 18,
    "codename": "delete_trigger"
  }
},
{
  "model": "auth.permission",
  "pk": 72,
  "fields": {
    "name": "Can view trigger",
    "content_type": 18,
    "codename": "view_trigger"
  }
},
{
  "model": "auth.permission",
  "pk": 73,
  "fields": {
    "name": "Can add threshold",
    "content_type": 19,
    "codename": "add_threshold"
  }
},
{
  "model": "auth.permission",
  "pk": 74,
  "fields": {
    "name": "Can change threshold",
    "content_type": 19,
    "codename": "change_threshold"
  }
},
{
  "model": "auth.permission",
  "pk": 75,
  "fields": {
    "name": "Can delete threshold",
    "content_type": 19,
    "codename": "delete_threshold"
  }
},
{
  "model": "auth.permission",
  "pk": 76,
  "fields": {
    "name": "Can view threshold",
    "content_type": 19,
    "codename": "view_threshold"
  }
},
{
  "model": "auth.permission",
  "pk": 77,
  "fields": {
    "name": "Can add measurement",
    "content_type": 20,
    "codename": "add_measurement"
  }
},
{
  "model": "auth.permission",
  "pk": 78,
  "fields": {
    "name": "Can change measurement",
    "content_type": 20,
    "codename": "change_measurement"
  }
},
{
  "model": "auth.permission",
  "pk": 79,
  "fields": {
    "name": "Can delete measurement",
    "content_type": 20,
    "codename": "delete_measurement"
  }
},
{
  "model": "auth.permission",
  "pk": 80,
  "fields": {
    "name": "Can view measurement",
    "content_type": 20,
    "codename": "view_measurement"
  }
},
{
  "model": "core.user",
  "pk": 1,
  "fields": {
    "password": "pbkdf2_sha256$150000$mf3E0HlvV5gD$LLheIX7rCWWWyhTLIzjl9cKinR+dipiP3+XxD1E5LDM=",
    "last_login": "2019-08-12T23:09:56.920Z",
    "is_superuser": true,
    "email": "jt.clayton92@yahoo.com",
    "name": "",
    "is_active": true,
    "is_staff": true,
    "groups": [],
    "user_permissions": []
  }
},
{
  "model": "core.user",
  "pk": 2,
  "fields": {
    "password": "pbkdf2_sha256$150000$pP1cCgBwazpm$9Y08ZEIuxEkfDmSC/pW/Xa5u12SJphMqOvE7zYXpjiY=",
    "last_login": null,
    "is_superuser": false,
    "email": "loader@pnsn.org",
    "name": "",
    "is_active": true,
    "is_staff": false,
    "groups": [],
    "user_permissions": []
  }
},
{
  "model": "nslc.network",
  "pk": 1,
  "fields": {
    "name": "United States",
    "description": null,
    "created_at": "2019-08-12T23:04:34.074Z",
    "updated_at": "2019-08-12T23:04:34.074Z",
    "user": 2,
    "code": "us"
  }
},
{
  "model": "nslc.network",
  "pk": 2,
  "fields": {
    "name": "Leo Brady",
    "description": null,
    "created_at": "2019-08-12T23:04:34.081Z",
    "updated_at": "2019-08-12T23:04:34.081Z",
    "user": 2,
    "code": "lb"
  }
},
{
  "model": "nslc.network",
  "pk": 3,
  "fields": {
    "name": "University of Washington",
    "description": null,
    "created_at": "2019-08-12T23:04:34.087Z",
    "updated_at": "2019-08-12T23:04:34.087Z",
    "user": 2,
    "code": "uw"
  }
},
{
  "model": "nslc.network",
  "pk": 4,
  "fields": {
    "name": "Neptune Canada",
    "description": null,
    "created_at": "2019-08-12T23:04:34.092Z",
    "updated_at": "2019-08-12T23:04:34.092Z",
    "user": 2,
    "code": "nv"
  }
},
{
  "model": "nslc.network",
  "pk": 5,
  "fields": {
    "name": "Global Seismic",
    "description": null,
    "created_at": "2019-08-12T23:04:34.098Z",
    "updated_at": "2019-08-12T23:04:34.098Z",
    "user": 2,
    "code": "iu"
  }
},
{
  "model": "nslc.network",
  "pk": 6,
  "fields": {
    "name": "Northern California",
    "description": null,
    "created_at": "2019-08-12T23:04:34.103Z",
    "updated_at": "2019-08-12T23:04:34.103Z",
    "user": 2,
    "code": "nc"
  }
},
{
  "model": "nslc.network",
  "pk": 7,
  "fields": {
    "name": "Ocean Observatory",
    "description": null,
    "created_at": "2019-08-12T23:04:34.110Z",
    "updated_at": "2019-08-12T23:04:34.110Z",
    "user": 2,
    "code": "oo"
  }
},
{
  "model": "nslc.network",
  "pk": 8,
  "fields": {
    "name": "Nevada",
    "description": null,
    "created_at": "2019-08-12T23:04:34.117Z",
    "updated_at": "2019-08-12T23:04:34.117Z",
    "user": 2,
    "code": "nn"
  }
},
{
  "model": "nslc.network",
  "pk": 9,
  "fields": {
    "name": "Southern California",
    "description": null,
    "created_at": "2019-08-12T23:04:34.123Z",
    "updated_at": "2019-08-12T23:04:34.123Z",
    "user": 2,
    "code": "ci"
  }
},
{
  "model": "nslc.network",
  "pk": 10,
  "fields": {
    "name": "Montana",
    "description": null,
    "created_at": "2019-08-12T23:04:34.130Z",
    "updated_at": "2019-08-12T23:04:34.130Z",
    "user": 2,
    "code": "mb"
  }
},
{
  "model": "nslc.network",
  "pk": 11,
  "fields": {
    "name": "Canada",
    "description": null,
    "created_at": "2019-08-12T23:04:34.137Z",
    "updated_at": "2019-08-12T23:04:34.137Z",
    "user": 2,
    "code": "cn"
  }
},
{
  "model": "nslc.network",
  "pk": 12,
  "fields": {
    "name": "Berkley",
    "description": null,
    "created_at": "2019-08-12T23:04:34.143Z",
    "updated_at": "2019-08-12T23:04:34.143Z",
    "user": 2,
    "code": "bk"
  }
},
{
  "model": "nslc.network",
  "pk": 13,
  "fields": {
    "name": "Strong Motion Network",
    "description": null,
    "created_at": "2019-08-12T23:04:34.151Z",
    "updated_at": "2019-08-12T23:04:34.151Z",
    "user": 2,
    "code": "np"
  }
},
{
  "model": "nslc.network",
  "pk": 14,
  "fields": {
    "name": "Transportable Array",
    "description": null,
    "created_at": "2019-08-12T23:04:34.158Z",
    "updated_at": "2019-08-12T23:04:34.158Z",
    "user": 2,
    "code": "ta"
  }
},
{
  "model": "nslc.network",
  "pk": 15,
  "fields": {
    "name": "Cascade Volcanic Observatory",
    "description": null,
    "created_at": "2019-08-12T23:04:34.165Z",
    "updated_at": "2019-08-12T23:04:34.165Z",
    "user": 2,
    "code": "cc"
  }
},
{
  "model": "nslc.network",
  "pk": 16,
  "fields": {
    "name": "Plate Boundary Observatory",
    "description": null,
    "created_at": "2019-08-12T23:04:34.171Z",
    "updated_at": "2019-08-12T23:04:34.171Z",
    "user": 2,
    "code": "pb"
  }
},
{
  "model": "nslc.network",
  "pk": 17,
  "fields": {
    "name": "University of Oregon",
    "description": null,
    "created_at": "2019-08-12T23:04:34.178Z",
    "updated_at": "2019-08-12T23:04:34.178Z",
    "user": 2,
    "code": "uo"
  }
},
{
  "model": "nslc.network",
  "pk": 18,
  "fields": {
    "name": "Hanford",
    "description": null,
    "created_at": "2019-08-12T23:04:34.186Z",
    "updated_at": "2019-08-12T23:04:34.186Z",
    "user": 2,
    "code": "hw"
  }
},
{
  "model": "nslc.station",
  "pk": 1,
  "fields": {
    "name": "Nicolai Mt., Oregon",
    "description": null,
    "created_at": "2019-08-12T23:04:34.197Z",
    "updated_at": "2019-08-12T23:04:34.197Z",
    "user": 2,
    "code": "nlo",
    "network": 3
  }
},
{
  "model": "nslc.station",
  "pk": 2,
  "fields": {
    "name": "Goldendale Observatory, WA, USA",
    "description": null,
    "created_at": "2019-08-12T23:04:34.215Z",
    "updated_at": "2019-08-12T23:04:34.215Z",
    "user": 2,
    "code": "gldo",
    "network": 3
  }
},
{
  "model": "nslc.station",
  "pk": 3,
  "fields": {
    "name": "Elkon Grade School Bus Garage, Elkton, OR, USA",
    "description": null,
    "created_at": "2019-08-12T23:04:34.265Z",
    "updated_at": "2019-08-12T23:04:34.265Z",
    "user": 2,
    "code": "eton",
    "network": 17
  }
},
{
  "model": "nslc.station",
  "pk": 4,
  "fields": {
    "name": "Kings Valley Charter School, Philomath, OR, USA",
    "description": null,
    "created_at": "2019-08-12T23:04:34.309Z",
    "updated_at": "2019-08-12T23:04:34.309Z",
    "user": 2,
    "code": "kvcs",
    "network": 17
  }
},
{
  "model": "nslc.channel",
  "pk": 1,
  "fields": {
    "name": "EHZ",
    "description": null,
    "created_at": "2019-08-12T23:04:34.206Z",
    "updated_at": "2019-08-12T23:04:34.207Z",
    "user": 2,
    "code": "ehz",
    "sample_rate": -1.0,
    "loc": "--",
    "lat": 46.08924,
    "lon": -123.45173,
    "elev": 826.0,
    "station": 1
  }
},
{
  "model": "nslc.channel",
  "pk": 2,
  "fields": {
    "name": "ENZ",
    "description": null,
    "created_at": "2019-08-12T23:04:34.221Z",
    "updated_at": "2019-08-12T23:04:34.221Z",
    "user": 2,
    "code": "enz",
    "sample_rate": -1.0,
    "loc": "--",
    "lat": 45.83878,
    "lon": -120.81479,
    "elev": 610.0,
    "station": 2
  }
},
{
  "model": "nslc.channel",
  "pk": 3,
  "fields": {
    "name": "EHZ",
    "description": null,
    "created_at": "2019-08-12T23:04:34.233Z",
    "updated_at": "2019-08-12T23:04:34.233Z",
    "user": 2,
    "code": "ehz",
    "sample_rate": -1.0,
    "loc": "--",
    "lat": 45.83878,
    "lon": -120.81479,
    "elev": 610.0,
    "station": 2
  }
},
{
  "model": "nslc.channel",
  "pk": 4,
  "fields": {
    "name": "ENE",
    "description": null,
    "created_at": "2019-08-12T23:04:34.244Z",
    "updated_at": "2019-08-12T23:04:34.244Z",
    "user": 2,
    "code": "ene",
    "sample_rate": -1.0,
    "loc": "--",
    "lat": 45.83878,
    "lon": -120.81479,
    "elev": 610.0,
    "station": 2
  }
},
{
  "model": "nslc.channel",
  "pk": 5,
  "fields": {
    "name": "ENN",
    "description": null,
    "created_at": "2019-08-12T23:04:34.256Z",
    "updated_at": "2019-08-12T23:04:34.256Z",
    "user": 2,
    "code": "enn",
    "sample_rate": -1.0,
    "loc": "--",
    "lat": 45.83878,
    "lon": -120.81479,
    "elev": 610.0,
    "station": 2
  }
},
{
  "model": "nslc.channel",
  "pk": 6,
  "fields": {
    "name": "HNE",
    "description": null,
    "created_at": "2019-08-12T23:04:34.273Z",
    "updated_at": "2019-08-12T23:04:34.273Z",
    "user": 2,
    "code": "hne",
    "sample_rate": -1.0,
    "loc": "--",
    "lat": 43.6409,
    "lon": -123.58076,
    "elev": 36.0,
    "station": 3
  }
},
{
  "model": "nslc.channel",
  "pk": 7,
  "fields": {
    "name": "HNN",
    "description": null,
    "created_at": "2019-08-12T23:04:34.284Z",
    "updated_at": "2019-08-12T23:04:34.284Z",
    "user": 2,
    "code": "hnn",
    "sample_rate": -1.0,
    "loc": "--",
    "lat": 43.6409,
    "lon": -123.58076,
    "elev": 36.0,
    "station": 3
  }
},
{
  "model": "nslc.channel",
  "pk": 8,
  "fields": {
    "name": "HNZ",
    "description": null,
    "created_at": "2019-08-12T23:04:34.295Z",
    "updated_at": "2019-08-12T23:04:34.295Z",
    "user": 2,
    "code": "hnz",
    "sample_rate": -1.0,
    "loc": "--",
    "lat": 43.6409,
    "lon": -123.58076,
    "elev": 36.0,
    "station": 3
  }
},
{
  "model": "nslc.channel",
  "pk": 9,
  "fields": {
    "name": "HNE",
    "description": null,
    "created_at": "2019-08-12T23:04:34.316Z",
    "updated_at": "2019-08-12T23:04:34.316Z",
    "user": 2,
    "code": "hne",
    "sample_rate": -1.0,
    "loc": "--",
    "lat": 44.69453,
    "lon": -123.43416,
    "elev": 94.0,
    "station": 4
  }
},
{
  "model": "nslc.channel",
  "pk": 10,
  "fields": {
    "name": "HNN",
    "description": null,
    "created_at": "2019-08-12T23:04:34.326Z",
    "updated_at": "2019-08-12T23:04:34.326Z",
    "user": 2,
    "code": "hnn",
    "sample_rate": -1.0,
    "loc": "--",
    "lat": 44.69453,
    "lon": -123.43416,
    "elev": 94.0,
    "station": 4
  }
},
{
  "model": "nslc.group",
  "pk": 1,
  "fields": {
    "user": 2,
    "name": "UW-All",
    "description": "All UW stations",
    "is_public": false,
    "created_at": "2019-08-12T23:04:34.330Z",
    "updated_at": "2019-08-12T23:04:34.330Z"
  }
},
{
  "model": "nslc.group",
  "pk": 2,
  "fields": {
    "user": 2,
    "name": "UO-All",
    "description": "All UO stations",
    "is_public": false,
    "created_at": "2019-08-12T23:04:34.335Z",
    "updated_at": "2019-08-12T23:04:34.335Z"
  }
},
{
  "model": "nslc.channelgroup",
  "pk": 1,
  "fields": {
    "user": 2,
    "group": 1,
    "channel": 5,
    "created_at": "2019-08-12T23:04:34.343Z",
    "updated_at": "2019-08-12T23:04:34.343Z"
  }
},
{
  "model": "nslc.channelgroup",
  "pk": 2,
  "fields": {
    "user": 2,
    "group": 1,
    "channel": 4,
    "created_at": "2019-08-12T23:04:34.348Z",
    "updated_at": "2019-08-12T23:04:34.348Z"
  }
},
{
  "model": "nslc.channelgroup",
  "pk": 3,
  "fields": {
    "user": 2,
    "group": 1,
    "channel": 3,
    "created_at": "2019-08-12T23:04:34.352Z",
    "updated_at": "2019-08-12T23:04:34.352Z"
  }
},
{
  "model": "nslc.channelgroup",
  "pk": 4,
  "fields": {
    "user": 2,
    "group": 1,
    "channel": 2,
    "created_at": "2019-08-12T23:04:34.356Z",
    "updated_at": "2019-08-12T23:04:34.356Z"
  }
},
{
  "model": "nslc.channelgroup",
  "pk": 5,
  "fields": {
    "user": 2,
    "group": 1,
    "channel": 1,
    "created_at": "2019-08-12T23:04:34.360Z",
    "updated_at": "2019-08-12T23:04:34.360Z"
  }
},
{
  "model": "nslc.channelgroup",
  "pk": 6,
  "fields": {
    "user": 2,
    "group": 2,
    "channel": 10,
    "created_at": "2019-08-12T23:04:34.367Z",
    "updated_at": "2019-08-12T23:04:34.367Z"
  }
},
{
  "model": "nslc.channelgroup",
  "pk": 7,
  "fields": {
    "user": 2,
    "group": 2,
    "channel": 9,
    "created_at": "2019-08-12T23:04:34.371Z",
    "updated_at": "2019-08-12T23:04:34.371Z"
  }
},
{
  "model": "nslc.channelgroup",
  "pk": 8,
  "fields": {
    "user": 2,
    "group": 2,
    "channel": 8,
    "created_at": "2019-08-12T23:04:34.375Z",
    "updated_at": "2019-08-12T23:04:34.375Z"
  }
},
{
  "model": "nslc.channelgroup",
  "pk": 9,
  "fields": {
    "user": 2,
    "group": 2,
    "channel": 7,
    "created_at": "2019-08-12T23:04:34.386Z",
    "updated_at": "2019-08-12T23:04:34.386Z"
  }
},
{
  "model": "nslc.channelgroup",
  "pk": 10,
  "fields": {
    "user": 2,
    "group": 2,
    "channel": 6,
    "created_at": "2019-08-12T23:04:34.391Z",
    "updated_at": "2019-08-12T23:04:34.391Z"
  }
},
{
  "model": "measurement.datasource",
  "pk": 2,
  "fields": {
    "created_at": "2019-08-12T23:09:27.470Z",
    "updated_at": "2019-08-12T23:09:27.470Z",
    "user": 2,
    "name": "IRIS",
    "description": "IRIS DMC"
  }
},
{
  "model": "measurement.metric",
  "pk": 2,
  "fields": {
    "created_at": "2019-08-12T23:09:27.479Z",
    "updated_at": "2019-08-12T23:09:27.479Z",
    "user": 2,
    "name": "snr10_0p01cm",
    "description": "Number of spikes with SNR > 10 and amplitude exceeding 0.01 cm/s^2 using filterd acceleration data.\n",
    "unit": "integer",
    "datasource": 2
  }
},
{
  "model": "measurement.metric",
  "pk": 3,
  "fields": {
    "created_at": "2019-08-12T23:09:27.492Z",
    "updated_at": "2019-08-12T23:09:27.492Z",
    "user": 2,
    "name": "snr20_0p05cm",
    "description": "Number of spikes with SNR > 20 and amplitude exceeding 0.05 cm/s^2 using filterd acceleration data.\n",
    "unit": "integer",
    "datasource": 2
  }
},
{
  "model": "measurement.metric",
  "pk": 4,
  "fields": {
    "created_at": "2019-08-12T23:09:27.502Z",
    "updated_at": "2019-08-12T23:09:27.502Z",
    "user": 2,
    "name": "snr20_0p17cm",
    "description": "Number of spikes with SNR > 20 and amplitude exceeding 0.17 cm/s^2 using filterd acceleration data (ShakeAlert station acceptance threshold using filter of 0.3 - 15Hz).\n",
    "unit": "integer",
    "datasource": 2
  }
},
{
  "model": "measurement.metric",
  "pk": 5,
  "fields": {
    "created_at": "2019-08-12T23:09:27.512Z",
    "updated_at": "2019-08-12T23:09:27.512Z",
    "user": 2,
    "name": "snr20_1cm",
    "description": "Number of spikes with SNR > 20 and amplitude exceeding 1 cm/s^2 using filterd acceleration data.\n",
    "unit": "integer",
    "datasource": 2
  }
},
{
  "model": "measurement.metric",
  "pk": 6,
  "fields": {
    "created_at": "2019-08-12T23:09:27.523Z",
    "updated_at": "2019-08-12T23:09:27.523Z",
    "user": 2,
    "name": "snr20_3cm",
    "description": "Number of spikes with SNR > 20 and amplitude exceeding 3 cm/s^2 using filterd acceleration data.\n",
    "unit": "integer",
    "datasource": 2
  }
},
{
  "model": "measurement.metric",
  "pk": 7,
  "fields": {
    "created_at": "2019-08-12T23:09:27.534Z",
    "updated_at": "2019-08-12T23:09:27.534Z",
    "user": 2,
    "name": "snr20_5cm",
    "description": "Number of spikes with SNR > 20 and amplitude exceeding 5 cm/s^2 using filterd acceleration data.\n",
    "unit": "integer",
    "datasource": 2
  }
},
{
  "model": "measurement.metric",
  "pk": 8,
  "fields": {
    "created_at": "2019-08-12T23:09:27.543Z",
    "updated_at": "2019-08-12T23:09:27.543Z",
    "user": 2,
    "name": "pow50sec",
    "description": "Power at 50 seconds.\n",
    "unit": "dB",
    "datasource": 2
  }
},
{
  "model": "measurement.metric",
  "pk": 9,
  "fields": {
    "created_at": "2019-08-12T23:09:27.552Z",
    "updated_at": "2019-08-12T23:09:27.552Z",
    "user": 2,
    "name": "pow12sec",
    "description": "Power at 12 seconds.\n",
    "unit": "dB",
    "datasource": 2
  }
},
{
  "model": "measurement.metric",
  "pk": 10,
  "fields": {
    "created_at": "2019-08-12T23:09:27.559Z",
    "updated_at": "2019-08-12T23:09:27.559Z",
    "user": 2,
    "name": "pow1Hz",
    "description": "Power at 1 Hertz.\n",
    "unit": "dB",
    "datasource": 2
  }
},
{
  "model": "measurement.metric",
  "pk": 11,
  "fields": {
    "created_at": "2019-08-12T23:09:27.567Z",
    "updated_at": "2019-08-12T23:09:27.567Z",
    "user": 2,
    "name": "pow5Hz",
    "description": "Power at 5 Hertz.\n",
    "unit": "dB",
    "datasource": 2
  }
},
{
  "model": "measurement.metric",
  "pk": 12,
  "fields": {
    "created_at": "2019-08-12T23:09:27.575Z",
    "updated_at": "2019-08-12T23:09:27.575Z",
    "user": 2,
    "name": "pow10Hz",
    "description": "Power at 10 Hertz.\n",
    "unit": "dB",
    "datasource": 2
  }
},
{
  "model": "measurement.metric",
  "pk": 13,
  "fields": {
    "created_at": "2019-08-12T23:09:27.584Z",
    "updated_at": "2019-08-12T23:09:27.584Z",
    "user": 2,
    "name": "pow20Hz",
    "description": "Power at 20 Hertz.\n",
    "unit": "dB",
    "datasource": 2
  }
},
{
  "model": "measurement.metric",
  "pk": 14,
  "fields": {
    "created_at": "2019-08-12T23:09:27.594Z",
    "updated_at": "2019-08-12T23:09:27.594Z",
    "user": 2,
    "name": "pow50Hz",
    "description": "Power at 50 Hertz.\n",
    "unit": "dB",
    "datasource": 2
  }
},
{
  "model": "measurement.metric",
  "pk": 15,
  "fields": {
    "created_at": "2019-08-12T23:09:27.610Z",
    "updated_at": "2019-08-12T23:09:27.610Z",
    "user": 2,
    "name": "NoiseFloorAcc",
    "description": "Range the 2nd to 98th percentile of sorted acceleration amplitudes which approximates median envelope amplitude.\n",
    "unit": "cm/s^2",
    "datasource": 2
  }
},
{
  "model": "measurement.metric",
  "pk": 16,
  "fields": {
    "created_at": "2019-08-12T23:09:27.621Z",
    "updated_at": "2019-08-12T23:09:27.621Z",
    "user": 2,
    "name": "NoiseFloorVel",
    "description": "Range of the 2nd to 98th percentile of sorted velocity amplitudes which approximates median envelope amplitude.\n",
    "unit": "cm/s",
    "datasource": 2
  }
},
{
  "model": "measurement.metric",
  "pk": 17,
  "fields": {
    "created_at": "2019-08-12T23:09:27.630Z",
    "updated_at": "2019-08-12T23:09:27.630Z",
    "user": 2,
    "name": "rawrange",
    "description": "Range in counts.\n",
    "unit": "counts",
    "datasource": 2
  }
},
{
  "model": "measurement.metric",
  "pk": 18,
  "fields": {
    "created_at": "2019-08-12T23:09:27.639Z",
    "updated_at": "2019-08-12T23:09:27.639Z",
    "user": 2,
    "name": "rawmean",
    "description": "Mean.\n",
    "unit": "counts",
    "datasource": 2
  }
},
{
  "model": "measurement.metric",
  "pk": 19,
  "fields": {
    "created_at": "2019-08-12T23:09:27.654Z",
    "updated_at": "2019-08-12T23:09:27.654Z",
    "user": 2,
    "name": "rawmin",
    "description": "Minimum amplitude.\n",
    "unit": "counts",
    "datasource": 2
  }
},
{
  "model": "measurement.metric",
  "pk": 20,
  "fields": {
    "created_at": "2019-08-12T23:09:27.663Z",
    "updated_at": "2019-08-12T23:09:27.663Z",
    "user": 2,
    "name": "rawmax",
    "description": "Maximum amplitude.\n",
    "unit": "counts",
    "datasource": 2
  }
},
{
  "model": "measurement.group",
  "pk": 1,
  "fields": {
    "created_at": "2019-08-12T23:09:27.785Z",
    "updated_at": "2019-08-12T23:09:27.785Z",
    "name": "snorepow",
    "description": "",
    "is_public": false,
    "user": 2
  }
},
{
  "model": "measurement.group",
  "pk": 2,
  "fields": {
    "created_at": "2019-08-12T23:09:27.856Z",
    "updated_at": "2019-08-12T23:09:27.856Z",
    "name": "rawfloor",
    "description": "",
    "is_public": false,
    "user": 2
  }
},
{
  "model": "measurement.metricgroup",
  "pk": 1,
  "fields": {
    "created_at": "2019-08-12T23:09:27.798Z",
    "updated_at": "2019-08-12T23:09:27.798Z",
    "user": 2,
    "group": 1,
    "metric": 2
  }
},
{
  "model": "measurement.metricgroup",
  "pk": 2,
  "fields": {
    "created_at": "2019-08-12T23:09:27.803Z",
    "updated_at": "2019-08-12T23:09:27.803Z",
    "user": 2,
    "group": 1,
    "metric": 3
  }
},
{
  "model": "measurement.metricgroup",
  "pk": 3,
  "fields": {
    "created_at": "2019-08-12T23:09:27.808Z",
    "updated_at": "2019-08-12T23:09:27.808Z",
    "user": 2,
    "group": 1,
    "metric": 4
  }
},
{
  "model": "measurement.metricgroup",
  "pk": 4,
  "fields": {
    "created_at": "2019-08-12T23:09:27.813Z",
    "updated_at": "2019-08-12T23:09:27.813Z",
    "user": 2,
    "group": 1,
    "metric": 5
  }
},
{
  "model": "measurement.metricgroup",
  "pk": 5,
  "fields": {
    "created_at": "2019-08-12T23:09:27.817Z",
    "updated_at": "2019-08-12T23:09:27.817Z",
    "user": 2,
    "group": 1,
    "metric": 6
  }
},
{
  "model": "measurement.metricgroup",
  "pk": 6,
  "fields": {
    "created_at": "2019-08-12T23:09:27.822Z",
    "updated_at": "2019-08-12T23:09:27.822Z",
    "user": 2,
    "group": 1,
    "metric": 7
  }
},
{
  "model": "measurement.metricgroup",
  "pk": 7,
  "fields": {
    "created_at": "2019-08-12T23:09:27.826Z",
    "updated_at": "2019-08-12T23:09:27.826Z",
    "user": 2,
    "group": 1,
    "metric": 8
  }
},
{
  "model": "measurement.metricgroup",
  "pk": 8,
  "fields": {
    "created_at": "2019-08-12T23:09:27.830Z",
    "updated_at": "2019-08-12T23:09:27.830Z",
    "user": 2,
    "group": 1,
    "metric": 9
  }
},
{
  "model": "measurement.metricgroup",
  "pk": 9,
  "fields": {
    "created_at": "2019-08-12T23:09:27.835Z",
    "updated_at": "2019-08-12T23:09:27.835Z",
    "user": 2,
    "group": 1,
    "metric": 10
  }
},
{
  "model": "measurement.metricgroup",
  "pk": 10,
  "fields": {
    "created_at": "2019-08-12T23:09:27.839Z",
    "updated_at": "2019-08-12T23:09:27.839Z",
    "user": 2,
    "group": 1,
    "metric": 11
  }
},
{
  "model": "measurement.metricgroup",
  "pk": 11,
  "fields": {
    "created_at": "2019-08-12T23:09:27.844Z",
    "updated_at": "2019-08-12T23:09:27.844Z",
    "user": 2,
    "group": 1,
    "metric": 12
  }
},
{
  "model": "measurement.metricgroup",
  "pk": 12,
  "fields": {
    "created_at": "2019-08-12T23:09:27.848Z",
    "updated_at": "2019-08-12T23:09:27.848Z",
    "user": 2,
    "group": 1,
    "metric": 13
  }
},
{
  "model": "measurement.metricgroup",
  "pk": 13,
  "fields": {
    "created_at": "2019-08-12T23:09:27.853Z",
    "updated_at": "2019-08-12T23:09:27.853Z",
    "user": 2,
    "group": 1,
    "metric": 14
  }
},
{
  "model": "measurement.metricgroup",
  "pk": 14,
  "fields": {
    "created_at": "2019-08-12T23:09:27.860Z",
    "updated_at": "2019-08-12T23:09:27.861Z",
    "user": 2,
    "group": 2,
    "metric": 15
  }
},
{
  "model": "measurement.metricgroup",
  "pk": 15,
  "fields": {
    "created_at": "2019-08-12T23:09:27.865Z",
    "updated_at": "2019-08-12T23:09:27.865Z",
    "user": 2,
    "group": 2,
    "metric": 16
  }
},
{
  "model": "measurement.metricgroup",
  "pk": 16,
  "fields": {
    "created_at": "2019-08-12T23:09:27.869Z",
    "updated_at": "2019-08-12T23:09:27.869Z",
    "user": 2,
    "group": 2,
    "metric": 17
  }
},
{
  "model": "measurement.metricgroup",
  "pk": 17,
  "fields": {
    "created_at": "2019-08-12T23:09:27.874Z",
    "updated_at": "2019-08-12T23:09:27.874Z",
    "user": 2,
    "group": 2,
    "metric": 18
  }
},
{
  "model": "measurement.metricgroup",
  "pk": 18,
  "fields": {
    "created_at": "2019-08-12T23:09:27.878Z",
    "updated_at": "2019-08-12T23:09:27.878Z",
    "user": 2,
    "group": 2,
    "metric": 19
  }
},
{
  "model": "measurement.metricgroup",
  "pk": 19,
  "fields": {
    "created_at": "2019-08-12T23:09:27.882Z",
    "updated_at": "2019-08-12T23:09:27.882Z",
    "user": 2,
    "group": 2,
    "metric": 20
  }
}
]
