[
{
"model": "core.user",
  "fields": {
    "password": "pbkdf2_sha256$150000$Maki0QGWXOfV$d+iR6jNQ5v4X4QhgZ58qsloHqqF98lnf5yf/feQBaIo=",
    "last_login": null,
    "is_superuser": true,
    "email": "loader@pnsn.org",
    "organization": 1,
    "firstname": "your",
    "lastname": "mom",
    "is_active": true,
    "is_staff": true,
    "groups": [],
    "user_permissions": []
  }
},
{
  "model": "organization.organization",
  "pk": 1,
  "fields":{
      "name": "PNSN",
      "created_at": "2019-08-28T23:27:28.623Z",
      "updated_at": "2019-08-28T23:27:28.623Z"
  }
},
{
  "model": "nslc.network",
  "pk": "bk",
  "fields": {
    "name": "Berkley",
    "description": null,
    "created_at": "2019-08-28T23:27:28.623Z",
    "updated_at": "2019-08-28T23:27:28.623Z",
    "user": [
      "loader@pnsn.org"
    ]
  }
},
{
  "model": "nslc.network",
  "pk": "cc",
  "fields": {
    "name": "Cascade Volcanic Observatory",
    "description": null,
    "created_at": "2019-08-28T23:27:28.632Z",
    "updated_at": "2019-08-28T23:27:28.632Z",
    "user": [
      "loader@pnsn.org"
    ]
  }
},
{
  "model": "nslc.network",
  "pk": "ci",
  "fields": {
    "name": "Southern California",
    "description": null,
    "created_at": "2019-08-28T23:27:28.614Z",
    "updated_at": "2019-08-28T23:27:28.614Z",
    "user": [
      "loader@pnsn.org"
    ]
  }
},
{
  "model": "nslc.network",
  "pk": "cn",
  "fields": {
    "name": "Canada",
    "description": null,
    "created_at": "2019-08-28T23:27:28.620Z",
    "updated_at": "2019-08-28T23:27:28.620Z",
    "user": [
      "loader@pnsn.org"
    ]
  }
},
{
  "model": "nslc.network",
  "pk": "hw",
  "fields": {
    "name": "Hanford",
    "description": null,
    "created_at": "2019-08-28T23:27:28.642Z",
    "updated_at": "2019-08-28T23:27:28.642Z",
    "user": [
      "loader@pnsn.org"
    ]
  }
},
{
  "model": "nslc.network",
  "pk": "iu",
  "fields": {
    "name": "Global Seismic",
    "description": null,
    "created_at": "2019-08-28T23:27:28.603Z",
    "updated_at": "2019-08-28T23:27:28.603Z",
    "user": [
      "loader@pnsn.org"
    ]
  }
},
{
  "model": "nslc.network",
  "pk": "lb",
  "fields": {
    "name": "Leo Brady",
    "description": null,
    "created_at": "2019-08-28T23:27:28.595Z",
    "updated_at": "2019-08-28T23:27:28.595Z",
    "user": [
      "loader@pnsn.org"
    ]
  }
},
{
  "model": "nslc.network",
  "pk": "mb",
  "fields": {
    "name": "Montana",
    "description": null,
    "created_at": "2019-08-28T23:27:28.617Z",
    "updated_at": "2019-08-28T23:27:28.617Z",
    "user": [
      "loader@pnsn.org"
    ]
  }
},
{
  "model": "nslc.network",
  "pk": "nc",
  "fields": {
    "name": "Northern California",
    "description": null,
    "created_at": "2019-08-28T23:27:28.606Z",
    "updated_at": "2019-08-28T23:27:28.606Z",
    "user": [
      "loader@pnsn.org"
    ]
  }
},
{
  "model": "nslc.network",
  "pk": "nn",
  "fields": {
    "name": "Nevada",
    "description": null,
    "created_at": "2019-08-28T23:27:28.611Z",
    "updated_at": "2019-08-28T23:27:28.611Z",
    "user": [
      "loader@pnsn.org"
    ]
  }
},
{
  "model": "nslc.network",
  "pk": "np",
  "fields": {
    "name": "Strong Motion Network",
    "description": null,
    "created_at": "2019-08-28T23:27:28.626Z",
    "updated_at": "2019-08-28T23:27:28.626Z",
    "user": [
      "loader@pnsn.org"
    ]
  }
},
{
  "model": "nslc.network",
  "pk": "nv",
  "fields": {
    "name": "Neptune Canada",
    "description": null,
    "created_at": "2019-08-28T23:27:28.600Z",
    "updated_at": "2019-08-28T23:27:28.600Z",
    "user": [
      "loader@pnsn.org"
    ]
  }
},
{
  "model": "nslc.network",
  "pk": "oo",
  "fields": {
    "name": "Ocean Observatory",
    "description": null,
    "created_at": "2019-08-28T23:27:28.608Z",
    "updated_at": "2019-08-28T23:27:28.608Z",
    "user": [
      "loader@pnsn.org"
    ]
  }
},
{
  "model": "nslc.network",
  "pk": "pb",
  "fields": {
    "name": "Plate Boundary Observatory",
    "description": null,
    "created_at": "2019-08-28T23:27:28.635Z",
    "updated_at": "2019-08-28T23:27:28.635Z",
    "user": [
      "loader@pnsn.org"
    ]
  }
},
{
  "model": "nslc.network",
  "pk": "ta",
  "fields": {
    "name": "Transportable Array",
    "description": null,
    "created_at": "2019-08-28T23:27:28.629Z",
    "updated_at": "2019-08-28T23:27:28.629Z",
    "user": [
      "loader@pnsn.org"
    ]
  }
},
{
  "model": "nslc.network",
  "pk": "uo",
  "fields": {
    "name": "University of Oregon",
    "description": null,
    "created_at": "2019-08-28T23:27:28.639Z",
    "updated_at": "2019-08-28T23:27:28.639Z",
    "user": [
      "loader@pnsn.org"
    ]
  }
},
{
  "model": "nslc.network",
  "pk": "us",
  "fields": {
    "name": "United States",
    "description": null,
    "created_at": "2019-08-28T23:27:28.592Z",
    "updated_at": "2019-08-28T23:27:28.592Z",
    "user": [
      "loader@pnsn.org"
    ]
  }
},
{
  "model": "nslc.network",
  "pk": "uw",
  "fields": {
    "name": "University of Washington",
    "description": null,
    "created_at": "2019-08-28T23:27:28.597Z",
    "updated_at": "2019-08-28T23:27:28.598Z",
    "user": [
      "loader@pnsn.org"
    ]
  }
},
{
  "model": "nslc.channel",
  "pk": 4,
  "fields": {
    "name": "HNN",
    "description": null,
    "created_at": "2019-08-28T23:27:28.649Z",
    "updated_at": "2019-08-28T23:27:28.649Z",
    "user": [
      "loader@pnsn.org"
    ],
    "code": "hnn",
    "station_code": "reed",
    "station_name": "",
    "sample_rate": -1.0,
    "loc": "--",
    "lat": 40.0,
    "lon": -120.0,
    "elev": 5.0,
    "depth": 0.0,
    "azimuth": 0.0,
    "dip": 0.0,
    "sensor_description": "",
    "scale": 0.0,
    "scale_freq": 1.0,
    "scale_units": "M/S",
    "starttime": "1970-01-01T23:27:28.597Z",
    "endtime": "2599-12-31T23:27:28.598Z",
    "network": "uw"
  }
},
{
  "model": "nslc.channel",
  "pk": 5,
  "fields": {
    "name": "HNZ",
    "description": null,
    "created_at": "2019-08-28T23:27:28.653Z",
    "updated_at": "2019-08-28T23:27:28.654Z",
    "user": [
      "loader@pnsn.org"
    ],
    "code": "hnz",
    "station_code": "reed",
    "station_name": "",
    "sample_rate": -1.0,
    "loc": "--",
    "lat": 40.0,
    "lon": -120.0,
    "elev": 5.0,
    "depth": 0.0,
    "azimuth": 0.0,
    "dip": 0.0,
    "sensor_description": "",
    "scale": 0.0,
    "scale_freq": 1.0,
    "scale_units": "M/S",
    "starttime": "1970-01-01T23:27:28.597Z",
    "endtime": "2599-12-31T23:27:28.598Z",
    "network": "uw"
  }
},
{
  "model": "nslc.channel",
  "pk": 6,
  "fields": {
    "name": "HNE",
    "description": null,
    "created_at": "2019-08-28T23:27:28.658Z",
    "updated_at": "2019-08-28T23:27:28.658Z",
    "user": [
      "loader@pnsn.org"
    ],
    "code": "hne",
    "station_code": "reed",
    "station_name": "",
    "sample_rate": -1.0,
    "loc": "--",
    "lat": 41.0,
    "lon": -121.0,
    "elev": 5.0,
    "depth": 0.0,
    "azimuth": 0.0,
    "dip": 0.0,
    "sensor_description": "",
    "scale": 0.0,
    "scale_freq": 1.0,
    "scale_units": "M/S",
    "starttime": "1970-01-01T23:27:28.597Z",
    "endtime": "2599-12-31T23:27:28.598Z",
    "network": "uw"
  }
},
{
  "model": "nslc.channel",
  "pk": 7,
  "fields": {
    "name": "HN1",
    "description": null,
    "created_at": "2019-08-28T23:27:28.662Z",
    "updated_at": "2019-08-28T23:27:28.662Z",
    "user": [
      "loader@pnsn.org"
    ],
    "code": "hn1",
    "station_code": "sla",
    "station_name": "",
    "sample_rate": -1.0,
    "loc": "00",
    "lat": 41.0,
    "lon": -121.0,
    "elev": 6.0,
    "depth": 0.0,
    "azimuth": 0.0,
    "dip": 0.0,
    "sensor_description": "",
    "scale": 0.0,
    "scale_freq": 1.0,
    "scale_units": "M/S",
    "starttime": "1970-01-01T23:27:28.597Z",
    "endtime": "2599-12-31T23:27:28.598Z",
    "network": "uw"
  }
},
{
  "model": "nslc.channel",
  "pk": 8,
  "fields": {
    "name": "HN2",
    "description": null,
    "created_at": "2019-08-28T23:27:28.666Z",
    "updated_at": "2019-08-28T23:27:28.666Z",
    "user": [
      "loader@pnsn.org"
    ],
    "code": "hn2",
    "station_code": "sla",
    "station_name": "",
    "sample_rate": -1.0,
    "loc": "00",
    "lat": 42.0,
    "lon": -122.0,
    "elev": 6.0,
    "depth": 0.0,
    "azimuth": 0.0,
    "dip": 0.0,
    "sensor_description": "",
    "scale": 0.0,
    "scale_freq": 1.0,
    "scale_units": "M/S",
    "starttime": "1970-01-01T23:27:28.597Z",
    "endtime": "2599-12-31T23:27:28.598Z",
    "network": "uw"
  }
},
{
  "model": "nslc.channel",
  "pk": 9,
  "fields": {
    "name": "ENE",
    "description": null,
    "created_at": "2019-08-28T23:27:28.671Z",
    "updated_at": "2019-08-28T23:27:28.671Z",
    "user": [
      "loader@pnsn.org"
    ],
    "code": "ene",
    "station_code": "dfaz",
    "station_name": "",
    "sample_rate": -1.0,
    "loc": "--",
    "lat": 42.0,
    "lon": -122.0,
    "elev": 1948.0,
    "depth": 0.0,
    "azimuth": 0.0,
    "dip": 0.0,
    "sensor_description": "",
    "scale": 0.0,
    "scale_freq": 1.0,
    "scale_units": "M/S",
    "starttime": "1970-01-01T23:27:28.597Z",
    "endtime": "2599-12-31T23:27:28.598Z",
    "network": "uo"
  }
},
{
  "model": "nslc.channel",
  "pk": 10,
  "fields": {
    "name": "ENN",
    "description": null,
    "created_at": "2019-08-28T23:27:28.675Z",
    "updated_at": "2019-08-28T23:27:28.675Z",
    "user": [
      "loader@pnsn.org"
    ],
    "code": "enn",
    "station_code": "dfaz",
    "station_name": "",
    "sample_rate": -1.0,
    "loc": "--",
    "lat": 43.0,
    "lon": -123.0,
    "elev": 1948.0,
    "depth": 0.0,
    "azimuth": 0.0,
    "dip": 0.0,
    "sensor_description": "",
    "scale": 0.0,
    "scale_freq": 1.0,
    "scale_units": "M/S",
    "starttime": "1970-01-01T23:27:28.597Z",
    "endtime": "2599-12-31T23:27:28.598Z",
    "network": "uo"
  }
},
{
  "model": "nslc.channel",
  "pk": 11,
  "fields": {
    "name": "ENZ",
    "description": null,
    "created_at": "2019-08-28T23:27:28.679Z",
    "updated_at": "2019-08-28T23:27:28.679Z",
    "user": [
      "loader@pnsn.org"
    ],
    "code": "enz",
    "station_code": "dfaz",
    "station_name": "",
    "sample_rate": -1.0,
    "loc": "--",
    "lat": 43.0,
    "lon": -123.0,
    "elev": 1948.0,
    "depth": 0.0,
    "azimuth": 0.0,
    "dip": 0.0,
    "sensor_description": "",
    "scale": 0.0,
    "scale_freq": 1.0,
    "scale_units": "M/S",
    "starttime": "1970-01-01T23:27:28.597Z",
    "endtime": "2599-12-31T23:27:28.598Z",
    "network": "uo"
  }
},
{
  "model": "nslc.channel",
  "pk": 12,
  "fields": {
    "name": "HNE",
    "description": null,
    "created_at": "2019-08-28T23:27:28.683Z",
    "updated_at": "2019-08-28T23:27:28.683Z",
    "user": [
      "loader@pnsn.org"
    ],
    "code": "hne",
    "station_code": "kvcs",
    "station_name": "",
    "sample_rate": -1.0,
    "loc": "--",
    "lat": 44.0,
    "lon": -124.0,
    "elev": 94.0,
    "depth": 0.0,
    "azimuth": 0.0,
    "dip": 0.0,
    "sensor_description": "",
    "scale": 0.0,
    "scale_freq": 1.0,
    "scale_units": "M/S",
    "starttime": "1970-01-01T23:27:28.597Z",
    "endtime": "2599-12-31T23:27:28.598Z",
    "network": "uo"
  }
},
{
  "model": "nslc.channel",
  "pk": 13,
  "fields": {
    "name": "HNN",
    "description": null,
    "created_at": "2019-08-28T23:27:28.688Z",
    "updated_at": "2019-08-28T23:27:28.688Z",
    "user": [
      "loader@pnsn.org"
    ],
    "code": "hnn",
    "station_code": "kvcs",
    "station_name": "",
    "sample_rate": -1.0,
    "loc": "--",
    "lat": 44.0,
    "lon": -124.0,
    "elev": 94.0,
    "depth": 0.0,
    "azimuth": 0.0,
    "dip": 0.0,
    "sensor_description": "",
    "scale": 0.0,
    "scale_freq": 1.0,
    "scale_units": "M/S",
    "starttime": "1970-01-01T23:27:28.597Z",
    "endtime": "2599-12-31T23:27:28.598Z",
    "network": "uo"
  }
},
{
  "model": "nslc.group",
  "pk": 1,
  "fields": {
    "user": [
      "loader@pnsn.org"
    ],
    "name": "US-All",
    "description": "All US channels",
    "share_all": false,
    "share_org": false,
    "created_at": "2019-08-28T23:27:28.691Z",
    "updated_at": "2019-08-28T23:27:28.691Z",
    "channels": [],
    "organization": 1

  }
},
{
  "model": "nslc.group",
  "pk": 2,
  "fields": {
    "user": [
      "loader@pnsn.org"
    ],
    "name": "LB-All",
    "description": "All LB channels",
    "share_all": false,
    "share_org": false,
    "created_at": "2019-08-28T23:27:28.694Z",
    "updated_at": "2019-08-28T23:27:28.694Z",
    "channels": [],
    "organization": 1

  }
},
{
  "model": "nslc.group",
  "pk": 3,
  "fields": {
    "user": [
      "loader@pnsn.org"
    ],
    "name": "UW-All",
    "description": "All UW channels",
    "share_all": true,
    "share_org": true,
    "created_at": "2019-08-28T23:27:28.696Z",
    "updated_at": "2019-08-28T23:27:28.696Z",
    "organization": 1,
    "channels": [
      4,
      5,
      6,
      7,
      8
    ]
  }
},
{
  "model": "nslc.group",
  "pk": 4,
  "fields": {
    "user": [
      "loader@pnsn.org"
    ],
    "name": "NV-All",
    "description": "All NV channels",
    "share_all": false,
    "share_org": false,
    "created_at": "2019-08-28T23:27:28.715Z",
    "updated_at": "2019-08-28T23:27:28.715Z",
    "organization": 1,
    "channels": []
  }
},
{
  "model": "nslc.group",
  "pk": 5,
  "fields": {
    "user": [
      "loader@pnsn.org"
    ],
    "name": "IU-All",
    "description": "All IU channels",
    "share_all": false,
    "share_org": false,
    "created_at": "2019-08-28T23:27:28.717Z",
    "updated_at": "2019-08-28T23:27:28.717Z",
    "organization": 1,
    "channels": []
  }
},
{
  "model": "nslc.group",
  "pk": 6,
  "fields": {
    "user": [
      "loader@pnsn.org"
    ],
    "name": "NC-All",
    "description": "All NC channels",
    "share_all": false,
    "share_org": false,
    "created_at": "2019-08-28T23:27:28.720Z",
    "updated_at": "2019-08-28T23:27:28.720Z",
    "organization": 1,
    "channels": []
  }
},
{
  "model": "nslc.group",
  "pk": 7,
  "fields": {
    "user": [
      "loader@pnsn.org"
    ],
    "name": "OO-All",
    "description": "All OO channels",
    "share_all": false,
    "share_org": false,
    "created_at": "2019-08-28T23:27:28.722Z",
    "updated_at": "2019-08-28T23:27:28.722Z",
    "organization": 1,
    "channels": []
  }
},
{
  "model": "nslc.group",
  "pk": 8,
  "fields": {
    "user": [
      "loader@pnsn.org"
    ],
    "name": "NN-All",
    "description": "All NN channels",
    "share_all": false,
    "share_org": false,
    "created_at": "2019-08-28T23:27:28.725Z",
    "updated_at": "2019-08-28T23:27:28.725Z",
    "organization": 1,
    "channels": []
  }
},
{
  "model": "nslc.group",
  "pk": 9,
  "fields": {
    "user": [
      "loader@pnsn.org"
    ],
    "name": "CI-All",
    "description": "All CI channels",
    "share_all": false,
    "share_org": false,
    "created_at": "2019-08-28T23:27:28.727Z",
    "updated_at": "2019-08-28T23:27:28.727Z",
    "organization": 1,
    "channels": []
  }
},
{
  "model": "nslc.group",
  "pk": 10,
  "fields": {
    "user": [
      "loader@pnsn.org"
    ],
    "name": "MB-All",
    "description": "All MB channels",
    "share_all": false,
    "share_org": false,
    "created_at": "2019-08-28T23:27:28.729Z",
    "updated_at": "2019-08-28T23:27:28.729Z",
    "organization": 1,
    "channels": []
  }
},
{
  "model": "nslc.group",
  "pk": 11,
  "fields": {
    "user": [
      "loader@pnsn.org"
    ],
    "name": "CN-All",
    "description": "All CN channels",
    "share_all": false,
    "share_org": false,
    "created_at": "2019-08-28T23:27:28.732Z",
    "updated_at": "2019-08-28T23:27:28.732Z",
    "organization": 1,
    "channels": []
  }
},
{
  "model": "nslc.group",
  "pk": 12,
  "fields": {
    "user": [
      "loader@pnsn.org"
    ],
    "name": "BK-All",
    "description": "All BK channels",
    "share_all": false,
    "share_org": false,
    "created_at": "2019-08-28T23:27:28.734Z",
    "updated_at": "2019-08-28T23:27:28.734Z",
    "organization": 1,
    "channels": []
  }
},
{
  "model": "nslc.group",
  "pk": 13,
  "fields": {
    "user": [
      "loader@pnsn.org"
    ],
    "name": "NP-All",
    "description": "All NP channels",
    "share_all": false,
    "share_org": false,
    "created_at": "2019-08-28T23:27:28.736Z",
    "updated_at": "2019-08-28T23:27:28.736Z",
    "organization": 1,
    "channels": []
  }
},
{
  "model": "nslc.group",
  "pk": 14,
  "fields": {
    "user": [
      "loader@pnsn.org"
    ],
    "name": "TA-All",
    "description": "All TA channels",
    "share_all": false,
    "share_org": false,
    "created_at": "2019-08-28T23:27:28.738Z",
    "updated_at": "2019-08-28T23:27:28.738Z",
    "organization": 1,
    "channels": []
  }
},
{
  "model": "nslc.group",
  "pk": 15,
  "fields": {
    "user": [
      "loader@pnsn.org"
    ],
    "name": "CC-All",
    "description": "All CC channels",
    "share_all": false,

    "created_at": "2019-08-28T23:27:28.741Z",
    "updated_at": "2019-08-28T23:27:28.741Z",
    "organization": 1,
    "channels": []
  }
},
{
  "model": "nslc.group",
  "pk": 16,
  "fields": {
    "user": [
      "loader@pnsn.org"
    ],
    "name": "PB-All",
    "description": "All PB channels",
    "share_all": false,
    "created_at": "2019-08-28T23:27:28.744Z",
    "updated_at": "2019-08-28T23:27:28.744Z",
    "organization": 1,
    "channels": []
  }
},
{
  "model": "nslc.group",
  "pk": 17,
  "fields": {
    "user": [
      "loader@pnsn.org"
    ],
    "name": "UO-All",
    "description": "All UO channels",
    "share_all": false,
    "created_at": "2019-08-28T23:27:28.747Z",
    "updated_at": "2019-08-28T23:27:28.747Z",
    "organization": 1,
    "channels": [
      9,
      10,
      11,
      12,
      13
    ]
  }
},
{
  "model": "nslc.group",
  "pk": 18,
  "fields": {
    "user": [
      "loader@pnsn.org"
    ],
    "name": "HW-All",
    "description": "All HW channels",
    "share_all": false,
    "created_at": "2019-08-28T23:27:28.765Z",
    "updated_at": "2019-08-28T23:27:28.765Z",
    "organization": 1,
    "channels": []
  }
},
{
  "model": "measurement.metric",
  "reference_url": "https://pnsn.org",
  "pk": 2,
  "fields": {
    "created_at": "2019-08-28T23:30:31.258Z",
    "user": [
      "loader@pnsn.org"
    ],
    "code": "snr10_0p01cm",
    "name": "snr10_0p01cm",
    "description": "Number of spikes with SNR > 10 and amplitude exceeding 0.01 cm/s^2 using filterd acceleration data.\n",
    "unit": "integer",
    "url": "",
    "default_minval": 1.0,
    "default_maxval": 10.0,
    "updated_at": "2019-08-28T23:30:31.258Z"
  }
},
{
  "model": "measurement.metric",
  "reference_url": "https://pnsn.org",
  "pk": 3,
  "fields": {
    "created_at": "2019-08-28T23:30:31.265Z",
    "user": [
      "loader@pnsn.org"
    ],
    "code": "snr20_0p05cm1",
    "name": "snr20_0p05cm",
    "description": "Number of spikes with SNR > 20 and amplitude exceeding 0.05 cm/s^2 using filterd acceleration data.\n",
    "unit": "integer",
    "url": "",
    "default_minval": 1.0,
    "default_maxval": 10.0,
    "updated_at": "2019-08-28T23:30:31.265Z"
  }
},
{
  "model": "measurement.metric",
  "reference_url": "https://pnsn.org",
  "pk": 4,
  "fields": {
    "created_at": "2019-08-28T23:30:31.270Z",
    "user": [
      "loader@pnsn.org"
    ],
    "code": "snr20_0p05cm",
    "name": "snr20_0p05cm",
    "description": "Number of spikes with SNR > 20 and amplitude exceeding 0.17 cm/s^2 using filterd acceleration data (ShakeAlert station acceptance threshold using filter of 0.3 - 15Hz).\n",
    "unit": "integer",
    "url": "",
    "default_minval": 1.0,
    "default_maxval": 10.0,
    "updated_at": "2019-08-28T23:30:31.270Z"
  }
},
{
  "model": "measurement.metric",
  "reference_url": "https://pnsn.org",
  "pk": 5,
  "fields": {
    "created_at": "2019-08-28T23:30:31.276Z",
    "user": [
      "loader@pnsn.org"
    ],
    "code": "snr20_1cm",
    "name": "snr20_1cm",
    "description": "Number of spikes with SNR > 20 and amplitude exceeding 1 cm/s^2 using filterd acceleration data.\n",
    "unit": "integer",
    "url": "",
    "default_minval": 1.0,
    "default_maxval": 10.0,
    "updated_at": "2019-08-28T23:30:31.276Z"
  }
},
{
  "model": "measurement.metric",
  "reference_url": "https://pnsn.org",
  "pk": 6,
  "fields": {
    "created_at": "2019-08-28T23:30:31.282Z",
    "user": [
      "loader@pnsn.org"
    ],
    "code": "snr20_3cm",
    "name": "snr20_3cm",
    "description": "Number of spikes with SNR > 20 and amplitude exceeding 3 cm/s^2 using filterd acceleration data.\n",
    "unit": "integer",
    "url": "",
    "default_minval": 1.0,
    "default_maxval": 10.0,
    "updated_at": "2019-08-28T23:30:31.282Z"
  }
},
{
  "model": "measurement.metric",
  "reference_url": "https://pnsn.org",
  "pk": 7,
  "fields": {
    "created_at": "2019-08-28T23:30:31.288Z",
    "user": [
      "loader@pnsn.org"
    ],
    "code": "snr20_5cm",
    "name": "snr20_5cm",
    "description": "Number of spikes with SNR > 20 and amplitude exceeding 5 cm/s^2 using filterd acceleration data.\n",
    "unit": "integer",
    "url": "",
    "default_minval": 1.0,
    "default_maxval": 10.0,
    "updated_at": "2019-08-28T23:30:31.288Z"
  }
},
{
  "model": "measurement.metric",
  "reference_url": "https://pnsn.org",
  "pk": 8,
  "fields": {
    "created_at": "2019-08-28T23:30:31.294Z",
    "user": [
      "loader@pnsn.org"
    ],
    "code": "pow50sec",
    "name": "pow50sec",
    "description": "Power at 50 seconds.\n",
    "unit": "dB",
    "url": "",
    "default_minval": 1.0,
    "default_maxval": 10.0,
    "updated_at": "2019-08-28T23:30:31.294Z"
  }
},
{
  "model": "measurement.metric",
  "reference_url": "https://pnsn.org",
  "pk": 9,
  "fields": {
    "created_at": "2019-08-28T23:30:31.300Z",
    "user": [
      "loader@pnsn.org"
    ],
    "code": "pow30sec",
    "name": "pow30sec",
    "description": "Power at 30 seconds.\n",
    "unit": "dB",
    "url": "",
    "default_minval": 1.0,
    "default_maxval": 10.0,
    "updated_at": "2019-08-28T23:30:31.300Z"
  }
},
{
  "model": "measurement.metric",
  "reference_url": "https://pnsn.org",
  "pk": 10,
  "fields": {
    "created_at": "2019-08-28T23:30:31.305Z",
    "user": [
      "loader@pnsn.org"
    ],
    "code": "pow20sec",
    "name": "pow20sec",
    "description": "Power at 20 seconds.\n",
    "unit": "dB",
    "url": "",
    "default_minval": 1.0,
    "default_maxval": 10.0,
    "updated_at": "2019-08-28T23:30:31.305Z"
  }
},
{
  "model": "measurement.metric",
  "reference_url": "https://pnsn.org",
  "pk": 11,
  "fields": {
    "created_at": "2019-08-28T23:30:31.311Z",
    "user": [
      "loader@pnsn.org"
    ],
    "code": "pow12sec",
    "name": "pow12sec",
    "description": "Power at 12 seconds.\n",
    "unit": "dB",
    "url": "",
    "default_minval": 1.0,
    "default_maxval": 10.0,
    "updated_at": "2019-08-28T23:30:31.311Z"
  }
},
{
  "model": "measurement.metric",
  "reference_url": "https://pnsn.org",
  "pk": 12,
  "fields": {
    "created_at": "2019-08-28T23:30:31.318Z",
    "user": [
      "loader@pnsn.org"
    ],
    "code": "pow10sec",
    "name": "pow10sec",
    "description": "Power at 10 seconds.\n",
    "unit": "dB",
    "url": "",
    "default_minval": 1.0,
    "default_maxval": 10.0,
    "updated_at": "2019-08-28T23:30:31.318Z"
  }
},
{
  "model": "measurement.metric",
  "reference_url": "https://pnsn.org",
  "pk": 13,
  "fields": {
    "created_at": "2019-08-28T23:30:31.325Z",
    "user": [
      "loader@pnsn.org"
    ],
    "code": "pow5sec",
    "name": "pow5sec",
    "description": "Power at 5 seconds.\n",
    "unit": "dB",
    "url": "",
    "default_minval": 1.0,
    "default_maxval": 10.0,
    "updated_at": "2019-08-28T23:30:31.325Z"
  }
},
{
  "model": "measurement.metric",
  "reference_url": "https://pnsn.org",
  "pk": 14,
  "fields": {
    "created_at": "2019-08-28T23:30:31.331Z",
    "user": [
      "loader@pnsn.org"
    ],
    "code": "pow1Hz",
    "name": "pow1Hz",
    "description": "Power at 1 Hertz.\n",
    "unit": "dB",
    "url": "",
    "default_minval": 1.0,
    "default_maxval": 10.0,
    "updated_at": "2019-08-28T23:30:31.331Z"
  }
},
{
  "model": "measurement.metric",
  "reference_url": "https://pnsn.org",
  "pk": 15,
  "fields": {
    "created_at": "2019-08-28T23:30:31.338Z",
    "user": [
      "loader@pnsn.org"
    ],
    "code": "pow5Hz",
    "name": "pow5Hz",
    "description": "Power at 5 Hertz.\n",
    "unit": "dB",
    "url": "",
    "default_minval": 1.0,
    "default_maxval": 10.0,
    "updated_at": "2019-08-28T23:30:31.338Z"
  }
},
{
  "model": "measurement.metric",
  "reference_url": "https://pnsn.org",
  "pk": 16,
  "fields": {
    "created_at": "2019-08-28T23:30:31.344Z",
    "user": [
      "loader@pnsn.org"
    ],
    "code": "pow10Hz",
    "name": "pow10Hz",
    "description": "Power at 10 Hertz.\n",
    "unit": "dB",
    "url": "",
    "default_minval": 1.0,
    "default_maxval": 10.0,
    "updated_at": "2019-08-28T23:30:31.344Z"
  }
},
{
  "model": "measurement.metric",
  "reference_url": "https://pnsn.org",
  "pk": 17,
  "fields": {
    "created_at": "2019-08-28T23:30:31.350Z",
    "user": [
      "loader@pnsn.org"
    ],
    "code": "pow20Hz",
    "name": "pow20Hz",
    "description": "Power at 20 Hertz.\n",
    "unit": "dB",
    "url": "",
    "default_minval": 1.0,
    "default_maxval": 10.0,
    "updated_at": "2019-08-28T23:30:31.350Z"
  }
},
{
  "model": "measurement.metric",
  "reference_url": "https://pnsn.org",
  "pk": 18,
  "fields": {
    "created_at": "2019-08-28T23:30:31.357Z",
    "user": [
      "loader@pnsn.org"
    ],
    "code": "pow50Hz",
    "name": "pow50Hz",
    "description": "Power at 50 Hertz.\n",
    "unit": "dB",
    "url": "",
    "default_minval": 1.0,
    "default_maxval": 10.0,
    "updated_at": "2019-08-28T23:30:31.357Z"
  }
},
{
  "model": "measurement.metric",
  "reference_url": "https://pnsn.org",
  "pk": 19,
  "fields": {
    "created_at": "2019-08-28T23:30:31.363Z",
    "user": [
      "loader@pnsn.org"
    ],
    "code": "NoiseFloorAcc",
    "name": "NoiseFloorAcc",
    "description": "Range the 2nd to 98th percentile of sorted acceleration amplitudes which approximates median envelope amplitude.\n",
    "unit": "cm/s^2",
    "url": "",
    "default_minval": 1.0,
    "default_maxval": 10.0,
    "updated_at": "2019-08-28T23:30:31.364Z"
  }
},
{
  "model": "measurement.metric",
  "reference_url": "https://pnsn.org",
  "pk": 20,
  "fields": {
    "created_at": "2019-08-28T23:30:31.370Z",
    "user": [
      "loader@pnsn.org"
    ],
    "code": "NoiseFloorVel",
    "name": "NoiseFloorVel",
    "description": "Range of the 2nd to 98th percentile of sorted velocity amplitudes which approximates median envelope amplitude.\n",
    "unit": "cm/s",
    "url": "",
    "default_minval": 1.0,
    "default_maxval": 10.0,
    "updated_at": "2019-08-28T23:30:31.370Z"
  }
},
{
  "model": "measurement.metric",
  "reference_url": "https://pnsn.org",
  "pk": 21,
  "fields": {
    "created_at": "2019-08-28T23:30:31.376Z",
    "user": [
      "loader@pnsn.org"
    ],
    "code": "rawrange",
    "name": "rawrange",
    "description": "Range in counts.\n",
    "unit": "counts",
    "url": "",
    "default_minval": 1.0,
    "default_maxval": 10.0,
    "updated_at": "2019-08-28T23:30:31.376Z"
  }
},
{
  "model": "measurement.metric",
  "reference_url": "https://pnsn.org",
  "pk": 22,
  "fields": {
    "created_at": "2019-08-28T23:30:31.381Z",
    "user": [
      "loader@pnsn.org"
    ],
    "code": "rawmean",
    "name": "rawmean",
    "description": "Mean.\n",
    "unit": "counts",
    "url": "",
    "default_minval": 1.0,
    "default_maxval": 10.0,
    "updated_at": "2019-08-28T23:30:31.382Z"
  }
},
{
  "model": "measurement.metric",
  "reference_url": "https://pnsn.org",
  "pk": 23,
  "fields": {
    "created_at": "2019-08-28T23:30:31.387Z",
    "user": [
      "loader@pnsn.org"
    ],
    "code": "rawrms",
    "name": "rawrms",
    "description": "RMS.\n",
    "unit": "counts",
    "url": "",
    "default_minval": 1.0,
    "default_maxval": 10.0,
    "updated_at": "2019-08-28T23:30:31.388Z"
  }
},
{
  "model": "measurement.metric",
  "reference_url": "https://pnsn.org",
  "pk": 24,
  "fields": {
    "created_at": "2019-08-28T23:30:31.394Z",
    "user": [
      "loader@pnsn.org"
    ],
    "code": "rawmin",
    "name": "rawmin",
    "description": "Minimum amplitude.\n",
    "unit": "counts",
    "url": "",
    "default_minval": 1.0,
    "default_maxval": 10.0,
    "updated_at": "2019-08-28T23:30:31.394Z"
  }
},
{
  "model": "measurement.metric",
  "reference_url": "https://pnsn.org",
  "pk": 25,
  "fields": {
    "created_at": "2019-08-28T23:30:31.400Z",
    "user": [
      "loader@pnsn.org"
    ],
    "code": "rawmax",
    "name": "rawmax",
    "description": "Maximum amplitude.\n",
    "unit": "counts",
    "url": "",
    "default_minval": 1.0,
    "default_maxval": 10.0,
    "updated_at": "2019-08-28T23:30:31.400Z"
  }
},
{
  "model": "measurement.metric",
  "reference_url": "https://pnsn.org",
  "pk": 26,
  "fields": {
    "created_at": "2019-08-28T23:30:31.406Z",
    "user": [
      "loader@pnsn.org"
    ],
    "code": "segmentshort",
    "name": "segmentshort",
    "description": "Duration of the shortest segment.\n",
    "unit": "s",
    "url": "",
    "default_minval": 1.0,
    "default_maxval": 10.0,
    "updated_at": "2019-08-28T23:30:31.406Z"
  }
},
{
  "model": "measurement.metric",
  "reference_url": "https://pnsn.org",
  "pk": 27,
  "fields": {
    "created_at": "2019-08-28T23:30:31.413Z",
    "user": [
      "loader@pnsn.org"
    ],
    "code": "segmentlong",
    "name": "segmentlong",
    "description": "Duration of the longest segment.\n",
    "unit": "s",
    "url": "",
    "default_minval": 1.0,
    "default_maxval": 10.0,
    "updated_at": "2019-08-28T23:30:31.413Z"
  }
},
{
  "model": "measurement.metric",
  "reference_url": "https://pnsn.org",
  "pk": 28,
  "fields": {
    "created_at": "2019-08-28T23:30:31.419Z",
    "user": [
      "loader@pnsn.org"
    ],
    "code": "pctavailable",
    "name": "pctavailable",
    "description": "Percentage of data returned of data requested.\n",
    "unit": "percent",
    "url": "",
    "default_minval": 1.0,
    "default_maxval": 10.0,
    "updated_at": "2019-08-28T23:30:31.419Z"
  }
},
{
  "model": "measurement.metric",
  "reference_url": "https://pnsn.org",
  "pk": 29,
  "fields": {
    "created_at": "2019-08-28T23:30:31.425Z",
    "user": [
      "loader@pnsn.org"
    ],
    "code": "ngaps",
    "name": "ngaps",
    "description": "Number of gaps.\n",
    "unit": "integer",
    "url": "",
    "default_minval": 1.0,
    "default_maxval": 10.0,
    "updated_at": "2019-08-28T23:30:31.425Z"
  }
},
{
  "model": "measurement.metric",
  "reference_url": "https://pnsn.org",
  "pk": 30,
  "fields": {
    "created_at": "2019-08-28T23:30:31.431Z",
    "user": [
      "loader@pnsn.org"
    ],
    "code": "RMSduration_0p01cm",
    "name": "RMSduration_0p01cm",
    "description": "Total duration of RMS acceleration amplitude exceeding 0.01 cm/s^2 using a 5 sec RMS window.\n",
    "unit": "s",
    "url": "",
    "default_minval": 1.0,
    "default_maxval": 10.0,
    "updated_at": "2019-08-28T23:30:31.431Z"
  }
},
{
  "model": "measurement.metric",
  "reference_url": "https://pnsn.org",
  "pk": 31,
  "fields": {
    "created_at": "2019-08-28T23:30:31.437Z",
    "user": [
      "loader@pnsn.org"
    ],
    "code": "RMSduration_0p035cm",
    "name": "RMSduration_0p035cm",
    "description": "Total duration of RMS acceleration amplitude exceeding 0.035 cm/s^2 using a 5 sec RMS window (ShakeAlert station acceptance threshold).\n",
    "unit": "s",
    "url": "",
    "default_minval": 1.0,
    "default_maxval": 10.0,
    "updated_at": "2019-08-28T23:30:31.437Z"
  }
},
{
  "model": "measurement.metric",
  "reference_url": "https://pnsn.org",
  "pk": 32,
  "fields": {
    "created_at": "2019-08-28T23:30:31.443Z",
    "user": [
      "loader@pnsn.org"
    ],
    "code": "RMSduration_0p1cm",
    "name": "RMSduration_0p1cm",
    "description": "Total duration of RMS acceleration amplitude exceeding 0.1 cm/s^2 using a 5 sec RMS window.\n",
    "unit": "s",
    "url": "",
    "default_minval": 1.0,
    "default_maxval": 10.0,
    "updated_at": "2019-08-28T23:30:31.443Z"
  }
},
{
  "model": "measurement.metric",
  "reference_url": "https://pnsn.org",
  "pk": 33,
  "fields": {
    "created_at": "2019-08-28T23:30:31.449Z",
    "user": [
      "loader@pnsn.org"
    ],
    "code": "RMSduration_1cm",
    "name": "RMSduration_1cm",
    "description": "Total duration of RMS acceleration amplitude exceeding 1 cm/s^2 using a 5 sec RMS window.\n",
    "unit": "s",
    "url": "",
    "default_minval": 1.0,
    "default_maxval": 10.0,
    "updated_at": "2019-08-28T23:30:31.449Z"
  }
},
{
  "model": "measurement.measurement",
  "pk": 1,
  "fields": {
    "created_at": "2019-08-28T23:30:31.262Z",
    "updated_at": "2019-08-28T23:30:31.262Z",
    "user": [
      "loader@pnsn.org"
    ],
    "metric": 2,
    "channel": 5,
    "value": 4.0,
    "starttime": "2018-02-01T03:00:00Z",
    "endtime": "2018-02-01T04:00:00Z"
  }
},
{
  "model": "measurement.measurement",
  "pk": 2,
  "fields": {
    "created_at": "2019-08-28T23:30:31.268Z",
    "updated_at": "2019-08-28T23:30:31.262Z",
    "user": [
      "loader@pnsn.org"
    ],
    "metric": 3,
    "channel": 5,
    "value": 2.0,
    "starttime": "2018-02-01T03:00:00Z",
    "endtime": "2018-02-01T04:00:00Z"
  }
},
{
  "model": "measurement.measurement",
  "pk": 3,
  "fields": {
    "created_at": "2019-08-28T23:30:31.273Z",
    "updated_at": "2019-08-28T23:30:31.262Z",
    "user": [
      "loader@pnsn.org"
    ],
    "metric": 4,
    "channel": 5,
    "value": 0.0,
    "starttime": "2018-02-01T03:00:00Z",
    "endtime": "2018-02-01T04:00:00Z"
  }
},
{
  "model": "measurement.measurement",
  "pk": 4,
  "fields": {
    "created_at": "2019-08-28T23:30:31.279Z",
    "updated_at": "2019-08-28T23:30:31.262Z",
    "user": [
      "loader@pnsn.org"
    ],
    "metric": 5,
    "channel": 5,
    "value": 0.0,
    "starttime": "2018-02-01T03:00:00Z",
    "endtime": "2018-02-01T04:00:00Z"
  }
},
{
  "model": "measurement.measurement",
  "pk": 5,
  "fields": {
    "created_at": "2019-08-28T23:30:31.285Z",
    "updated_at": "2019-08-28T23:30:31.262Z",
    "user": [
      "loader@pnsn.org"
    ],
    "metric": 6,
    "channel": 5,
    "value": 0.0,
    "starttime": "2018-02-01T03:00:00Z",
    "endtime": "2018-02-01T04:00:00Z"
  }
},
{
  "model": "measurement.measurement",
  "pk": 6,
  "fields": {
    "created_at": "2019-08-28T23:30:31.291Z",
    "updated_at": "2019-08-28T23:30:31.262Z",
    "user": [
      "loader@pnsn.org"
    ],
    "metric": 7,
    "channel": 5,
    "value": 0.0,
    "starttime": "2018-02-01T03:00:00Z",
    "endtime": "2018-02-01T04:00:00Z"
  }
},
{
  "model": "measurement.measurement",
  "pk": 7,
  "fields": {
    "created_at": "2019-08-28T23:30:31.297Z",
    "updated_at": "2019-08-28T23:30:31.262Z",
    "user": [
      "loader@pnsn.org"
    ],
    "metric": 8,
    "channel": 5,
    "value": -100.658,
    "starttime": "2018-02-01T03:00:00Z",
    "endtime": "2018-02-01T04:00:00Z"
  }
},
{
  "model": "measurement.measurement",
  "pk": 8,
  "fields": {
    "created_at": "2019-08-28T23:30:31.303Z",
    "updated_at": "2019-08-28T23:30:31.262Z",
    "user": [
      "loader@pnsn.org"
    ],
    "metric": 9,
    "channel": 5,
    "value": -103.896,
    "starttime": "2018-02-01T03:00:00Z",
    "endtime": "2018-02-01T04:00:00Z"
  }
},
{
  "model": "measurement.measurement",
  "pk": 9,
  "fields": {
    "created_at": "2019-08-28T23:30:31.309Z",
    "updated_at": "2019-08-28T23:30:31.262Z",
    "user": [
      "loader@pnsn.org"
    ],
    "metric": 10,
    "channel": 5,
    "value": -105.498,
    "starttime": "2018-02-01T03:00:00Z",
    "endtime": "2018-02-01T04:00:00Z"
  }
},
{
  "model": "measurement.measurement",
  "pk": 10,
  "fields": {
    "created_at": "2019-08-28T23:30:31.315Z",
    "updated_at": "2019-08-28T23:30:31.262Z",
    "user": [
      "loader@pnsn.org"
    ],
    "metric": 11,
    "channel": 5,
    "value": -107.002,
    "starttime": "2018-02-01T03:00:00Z",
    "endtime": "2018-02-01T04:00:00Z"
  }
},
{
  "model": "measurement.measurement",
  "pk": 11,
  "fields": {
    "created_at": "2019-08-28T23:30:31.322Z",
    "updated_at": "2019-08-28T23:30:31.262Z",
    "user": [
      "loader@pnsn.org"
    ],
    "metric": 12,
    "channel": 5,
    "value": -107.701,
    "starttime": "2018-02-01T03:00:00Z",
    "endtime": "2018-02-01T04:00:00Z"
  }
},
{
  "model": "measurement.measurement",
  "pk": 12,
  "fields": {
    "created_at": "2019-08-28T23:30:31.328Z",
    "updated_at": "2019-08-28T23:30:31.262Z",
    "user": [
      "loader@pnsn.org"
    ],
    "metric": 13,
    "channel": 5,
    "value": -108.395,
    "starttime": "2018-02-01T03:00:00Z",
    "endtime": "2018-02-01T04:00:00Z"
  }
},
{
  "model": "measurement.measurement",
  "pk": 13,
  "fields": {
    "created_at": "2019-08-28T23:30:31.335Z",
    "updated_at": "2019-08-28T23:30:31.262Z",
    "user": [
      "loader@pnsn.org"
    ],
    "metric": 14,
    "channel": 5,
    "value": -117.558,
    "starttime": "2018-02-01T03:00:00Z",
    "endtime": "2018-02-01T04:00:00Z"
  }
},
{
  "model": "measurement.measurement",
  "pk": 14,
  "fields": {
    "created_at": "2019-08-28T23:30:31.341Z",
    "updated_at": "2019-08-28T23:30:31.262Z",
    "user": [
      "loader@pnsn.org"
    ],
    "metric": 15,
    "channel": 5,
    "value": -122.201,
    "starttime": "2018-02-01T03:00:00Z",
    "endtime": "2018-02-01T04:00:00Z"
  }
},
{
  "model": "measurement.measurement",
  "pk": 15,
  "fields": {
    "created_at": "2019-08-28T23:30:31.348Z",
    "updated_at": "2019-08-28T23:30:31.262Z",
    "user": [
      "loader@pnsn.org"
    ],
    "metric": 16,
    "channel": 5,
    "value": -117.419,
    "starttime": "2018-02-01T03:00:00Z",
    "endtime": "2018-02-01T04:00:00Z"
  }
},
{
  "model": "measurement.measurement",
  "pk": 16,
  "fields": {
    "created_at": "2019-08-28T23:30:31.354Z",
    "updated_at": "2019-08-28T23:30:31.262Z",
    "user": [
      "loader@pnsn.org"
    ],
    "metric": 17,
    "channel": 5,
    "value": -106.507,
    "starttime": "2018-02-01T03:00:00Z",
    "endtime": "2018-02-01T04:00:00Z"
  }
},
{
  "model": "measurement.measurement",
  "pk": 17,
  "fields": {
    "created_at": "2019-08-28T23:30:31.361Z",
    "updated_at": "2019-08-28T23:30:31.262Z",
    "user": [
      "loader@pnsn.org"
    ],
    "metric": 18,
    "channel": 5,
    "value": -112.014,
    "starttime": "2018-02-01T03:00:00Z",
    "endtime": "2018-02-01T04:00:00Z"
  }
},
{
  "model": "measurement.measurement",
  "pk": 18,
  "fields": {
    "created_at": "2019-08-28T23:30:31.367Z",
    "updated_at": "2019-08-28T23:30:31.262Z",
    "user": [
      "loader@pnsn.org"
    ],
    "metric": 19,
    "channel": 5,
    "value": 1.34479178287e-05,
    "starttime": "2018-02-01T03:00:00Z",
    "endtime": "2018-02-01T04:00:00Z"
  }
},
{
  "model": "measurement.measurement",
  "pk": 19,
  "fields": {
    "created_at": "2019-08-28T23:30:31.373Z",
    "updated_at": "2019-08-28T23:30:31.262Z",
    "user": [
      "loader@pnsn.org"
    ],
    "metric": 20,
    "channel": 5,
    "value": 1.58643731689e-06,
    "starttime": "2018-02-01T03:00:00Z",
    "endtime": "2018-02-01T04:00:00Z"
  }
},
{
  "model": "measurement.measurement",
  "pk": 20,
  "fields": {
    "created_at": "2019-08-28T23:30:31.379Z",
    "updated_at": "2019-08-28T23:30:31.262Z",
    "user": [
      "loader@pnsn.org"
    ],
    "metric": 21,
    "channel": 5,
    "value": 373.0,
    "starttime": "2018-02-01T03:00:00Z",
    "endtime": "2018-02-01T04:00:00Z"
  }
},
{
  "model": "measurement.measurement",
  "pk": 21,
  "fields": {
    "created_at": "2019-08-28T23:30:31.385Z",
    "updated_at": "2019-08-28T23:30:31.262Z",
    "user": [
      "loader@pnsn.org"
    ],
    "metric": 22,
    "channel": 5,
    "value": -12605.4179104,
    "starttime": "2018-02-01T03:00:00Z",
    "endtime": "2018-02-01T04:00:00Z"
  }
},
{
  "model": "measurement.measurement",
  "pk": 22,
  "fields": {
    "created_at": "2019-08-28T23:30:31.391Z",
    "updated_at": "2019-08-28T23:30:31.262Z",
    "user": [
      "loader@pnsn.org"
    ],
    "metric": 23,
    "channel": 5,
    "value": 18.9096850752,
    "starttime": "2018-02-01T03:00:00Z",
    "endtime": "2018-02-01T04:00:00Z"
  }
},
{
  "model": "measurement.measurement",
  "pk": 23,
  "fields": {
    "created_at": "2019-08-28T23:30:31.397Z",
    "updated_at": "2019-08-28T23:30:31.262Z",
    "user": [
      "loader@pnsn.org"
    ],
    "metric": 24,
    "channel": 5,
    "value": -12783.0,
    "starttime": "2018-02-01T03:00:00Z",
    "endtime": "2018-02-01T04:00:00Z"
  }
},
{
  "model": "measurement.measurement",
  "pk": 24,
  "fields": {
    "created_at": "2019-08-28T23:30:31.404Z",
    "updated_at": "2019-08-28T23:30:31.262Z",
    "user": [
      "loader@pnsn.org"
    ],
    "metric": 25,
    "channel": 5,
    "value": -12410.0,
    "starttime": "2018-02-01T03:00:00Z",
    "endtime": "2018-02-01T04:00:00Z"
  }
},
{
  "model": "measurement.measurement",
  "pk": 25,
  "fields": {
    "created_at": "2019-08-28T23:30:31.410Z",
    "updated_at": "2019-08-28T23:30:31.262Z",
    "user": [
      "loader@pnsn.org"
    ],
    "metric": 26,
    "channel": 5,
    "value": 7210.11,
    "starttime": "2018-02-01T03:00:00Z",
    "endtime": "2018-02-01T04:00:00Z"
  }
},
{
  "model": "measurement.measurement",
  "pk": 26,
  "fields": {
    "created_at": "2019-08-28T23:30:31.416Z",
    "updated_at": "2019-08-28T23:30:31.262Z",
    "user": [
      "loader@pnsn.org"
    ],
    "metric": 27,
    "channel": 5,
    "value": 7210.11,
    "starttime": "2018-02-01T03:00:00Z",
    "endtime": "2018-02-01T04:00:00Z"
  }
},
{
  "model": "measurement.measurement",
  "pk": 27,
  "fields": {
    "created_at": "2019-08-28T23:30:31.422Z",
    "updated_at": "2019-08-28T23:30:31.262Z",
    "user": [
      "loader@pnsn.org"
    ],
    "metric": 28,
    "channel": 5,
    "value": 200.003051318,
    "starttime": "2018-02-01T03:00:00Z",
    "endtime": "2018-02-01T04:00:00Z"
  }
},
{
  "model": "measurement.measurement",
  "pk": 28,
  "fields": {
    "created_at": "2019-08-28T23:30:31.428Z",
    "updated_at": "2019-08-28T23:30:31.262Z",
    "user": [
      "loader@pnsn.org"
    ],
    "metric": 29,
    "channel": 5,
    "value": 0.0,
    "starttime": "2018-02-01T03:00:00Z",
    "endtime": "2018-02-01T04:00:00Z"
  }
},
{
  "model": "measurement.measurement",
  "pk": 29,
  "fields": {
    "created_at": "2019-08-28T23:30:31.434Z",
    "updated_at": "2019-08-28T23:30:31.262Z",
    "user": [
      "loader@pnsn.org"
    ],
    "metric": 30,
    "channel": 5,
    "value": 51.39,
    "starttime": "2018-02-01T03:00:00Z",
    "endtime": "2018-02-01T04:00:00Z"
  }
},
{
  "model": "measurement.measurement",
  "pk": 30,
  "fields": {
    "created_at": "2019-08-28T23:30:31.440Z",
    "updated_at": "2019-08-28T23:30:31.262Z",
    "user": [
      "loader@pnsn.org"
    ],
    "metric": 31,
    "channel": 5,
    "value": 0.0,
    "starttime": "2018-02-01T03:00:00Z",
    "endtime": "2018-02-01T04:00:00Z"
  }
},
{
  "model": "measurement.measurement",
  "pk": 31,
  "fields": {
    "created_at": "2019-08-28T23:30:31.446Z",
    "updated_at": "2019-08-28T23:30:31.262Z",
    "user": [
      "loader@pnsn.org"
    ],
    "metric": 32,
    "channel": 5,
    "value": 0.0,
    "starttime": "2018-02-01T03:00:00Z",
    "endtime": "2018-02-01T04:00:00Z"
  }
},
{
  "model": "measurement.measurement",
  "pk": 32,
  "fields": {
    "created_at": "2019-08-28T23:30:31.452Z",
    "updated_at": "2019-08-28T23:30:31.262Z",
    "user": [
      "loader@pnsn.org"
    ],
    "metric": 33,
    "channel": 5,
    "value": 0.0,
    "starttime": "2018-02-01T03:00:00Z",
    "endtime": "2018-02-01T04:00:00Z"
  }
},
{
  "model": "measurement.measurement",
  "pk": 33,
  "fields": {
    "created_at": "2019-08-28T23:30:31.456Z",
    "updated_at": "2019-08-28T23:30:31.262Z",
    "user": [
      "loader@pnsn.org"
    ],
    "metric": 2,
    "channel": 9,
    "value": 2.0,
    "starttime": "2018-02-01T04:00:00Z",
    "endtime": "2018-02-01T05:00:00Z"
  }
},
{
  "model": "measurement.measurement",
  "pk": 34,
  "fields": {
    "created_at": "2019-08-28T23:30:31.460Z",
    "updated_at": "2019-08-28T23:30:31.262Z",
    "user": [
      "loader@pnsn.org"
    ],
    "metric": 3,
    "channel": 9,
    "value": 0.0,
    "starttime": "2018-02-01T04:00:00Z",
    "endtime": "2018-02-01T05:00:00Z"
  }
},
{
  "model": "measurement.measurement",
  "pk": 35,
  "fields": {
    "created_at": "2019-08-28T23:30:31.463Z",
    "updated_at": "2019-08-28T23:30:31.262Z",
    "user": [
      "loader@pnsn.org"
    ],
    "metric": 4,
    "channel": 9,
    "value": 0.0,
    "starttime": "2018-02-01T04:00:00Z",
    "endtime": "2018-02-01T05:00:00Z"
  }
},
{
  "model": "measurement.measurement",
  "pk": 36,
  "fields": {
    "created_at": "2019-08-28T23:30:31.467Z",
    "updated_at": "2019-08-28T23:30:31.262Z",
    "user": [
      "loader@pnsn.org"
    ],
    "metric": 5,
    "channel": 9,
    "value": 0.0,
    "starttime": "2018-02-01T04:00:00Z",
    "endtime": "2018-02-01T05:00:00Z"
  }
},
{
  "model": "measurement.measurement",
  "pk": 37,
  "fields": {
    "created_at": "2019-08-28T23:30:31.471Z",
    "updated_at": "2019-08-28T23:30:31.262Z",
    "user": [
      "loader@pnsn.org"
    ],
    "metric": 6,
    "channel": 9,
    "value": 0.0,
    "starttime": "2018-02-01T04:00:00Z",
    "endtime": "2018-02-01T05:00:00Z"
  }
},
{
  "model": "measurement.measurement",
  "pk": 38,
  "fields": {
    "created_at": "2019-08-28T23:30:31.475Z",
    "updated_at": "2019-08-28T23:30:31.262Z",
    "user": [
      "loader@pnsn.org"
    ],
    "metric": 7,
    "channel": 9,
    "value": 0.0,
    "starttime": "2018-02-01T04:00:00Z",
    "endtime": "2018-02-01T05:00:00Z"
  }
},
{
  "model": "measurement.measurement",
  "pk": 39,
  "fields": {
    "created_at": "2019-08-28T23:30:31.480Z",
    "updated_at": "2019-08-28T23:30:31.262Z",
    "user": [
      "loader@pnsn.org"
    ],
    "metric": 8,
    "channel": 9,
    "value": -177.393,
    "starttime": "2018-02-01T04:00:00Z",
    "endtime": "2018-02-01T05:00:00Z"
  }
},
{
  "model": "measurement.measurement",
  "pk": 40,
  "fields": {
    "created_at": "2019-08-28T23:30:31.485Z",
    "updated_at": "2019-08-28T23:30:31.262Z",
    "user": [
      "loader@pnsn.org"
    ],
    "metric": 9,
    "channel": 9,
    "value": -172.461,
    "starttime": "2018-02-01T04:00:00Z",
    "endtime": "2018-02-01T05:00:00Z"
  }
},
{
  "model": "measurement.measurement",
  "pk": 41,
  "fields": {
    "created_at": "2019-08-28T23:30:31.489Z",
    "updated_at": "2019-08-28T23:30:31.262Z",

    "user": [
      "loader@pnsn.org"
    ],
    "metric": 10,
    "channel": 9,
    "value": -163.114,
    "starttime": "2018-02-01T04:00:00Z",
    "endtime": "2018-02-01T05:00:00Z"
  }
},
{
  "model": "measurement.measurement",
  "pk": 42,
  "fields": {
    "created_at": "2019-08-28T23:30:31.493Z",    
    "updated_at": "2019-08-28T23:30:31.262Z",

    "user": [
      "loader@pnsn.org"
    ],
    "metric": 11,
    "channel": 9,
    "value": -149.406,
    "starttime": "2018-02-01T04:00:00Z",
    "endtime": "2018-02-01T05:00:00Z"
  }
},
{
  "model": "measurement.measurement",
  "pk": 43,
  "fields": {
    "created_at": "2019-08-28T23:30:31.498Z",
    "updated_at": "2019-08-28T23:30:31.262Z",

    "user": [
      "loader@pnsn.org"
    ],
    "metric": 12,
    "channel": 9,
    "value": -142.85,
    "starttime": "2018-02-01T04:00:00Z",
    "endtime": "2018-02-01T05:00:00Z"
  }
},
{
  "model": "measurement.measurement",
  "pk": 44,
  "fields": {
    "created_at": "2019-08-28T23:30:31.502Z",
    "updated_at": "2019-08-28T23:30:31.262Z",
    "user": [
      "loader@pnsn.org"
    ],
    "metric": 13,
    "channel": 9,
    "value": -119.171,
    "starttime": "2018-02-01T04:00:00Z",
    "endtime": "2018-02-01T05:00:00Z"
  }
},
{
  "model": "measurement.measurement",
  "pk": 45,
  "fields": {
    "created_at": "2019-08-28T23:30:31.506Z",
    "updated_at": "2019-08-28T23:30:31.262Z",
    "user": [
      "loader@pnsn.org"
    ],
    "metric": 14,
    "channel": 9,
    "value": -149.674,
    "starttime": "2018-02-01T04:00:00Z",
    "endtime": "2018-02-01T05:00:00Z"
  }
},
{
  "model": "measurement.measurement",
  "pk": 46,
  "fields": {
    "created_at": "2019-08-28T23:30:31.510Z",
    "updated_at": "2019-08-28T23:30:31.262Z",
    "user": [
      "loader@pnsn.org"
    ],
    "metric": 15,
    "channel": 9,
    "value": -141.986,
    "starttime": "2018-02-01T04:00:00Z",
    "endtime": "2018-02-01T05:00:00Z"
  }
},
{
  "model": "measurement.measurement",
  "pk": 47,
  "fields": {
    "created_at": "2019-08-28T23:30:31.515Z",
    "updated_at": "2019-08-28T23:30:31.262Z",
    "user": [
      "loader@pnsn.org"
    ],
    "metric": 16,
    "channel": 9,
    "value": -139.687,
    "starttime": "2018-02-01T04:00:00Z",
    "endtime": "2018-02-01T05:00:00Z"
  }
},
{
  "model": "measurement.measurement",
  "pk": 48,
  "fields": {
    "created_at": "2019-08-28T23:30:31.519Z",
    "updated_at": "2019-08-28T23:30:31.262Z",
    "user": [
      "loader@pnsn.org"
    ],
    "metric": 17,
    "channel": 9,
    "value": -132.287,
    "starttime": "2018-02-01T04:00:00Z",
    "endtime": "2018-02-01T05:00:00Z"
  }
},
{
  "model": "measurement.measurement",
  "pk": 49,
  "fields": {
    "created_at": "2019-08-28T23:30:31.523Z",
    "updated_at": "2019-08-28T23:30:31.262Z",
    "user": [
      "loader@pnsn.org"
    ],
    "metric": 18,
    "channel": 9,
    "value": -124.026,
    "starttime": "2018-02-01T04:00:00Z",
    "endtime": "2018-02-01T05:00:00Z"
  }
},
{
  "model": "measurement.measurement",
  "pk": 50,
  "fields": {
    "created_at": "2019-08-28T23:30:31.528Z",
    "updated_at": "2019-08-28T23:30:31.262Z",
    "user": [
      "loader@pnsn.org"
    ],
    "metric": 19,
    "channel": 9,
    "value": 1.07940141262e-06,
    "starttime": "2018-02-01T04:00:00Z",
    "endtime": "2018-02-01T05:00:00Z"
  }
},
{
  "model": "measurement.measurement",
  "pk": 51,
  "fields": {
    "created_at": "2019-08-28T23:30:31.532Z",
    "updated_at": "2019-08-28T23:30:31.262Z",
    "user": [
      "loader@pnsn.org"
    ],
    "metric": 20,
    "channel": 9,
    "value": 2.77755469177e-07,
    "starttime": "2018-02-01T04:00:00Z",
    "endtime": "2018-02-01T05:00:00Z"
  }
},
{
  "model": "measurement.measurement",
  "pk": 52,
  "fields": {
    "created_at": "2019-08-28T23:30:31.537Z",
    "updated_at": "2019-08-28T23:30:31.262Z",
    "user": [
      "loader@pnsn.org"
    ],
    "metric": 21,
    "channel": 9,
    "value": 2718.0,
    "starttime": "2018-02-01T04:00:00Z",
    "endtime": "2018-02-01T05:00:00Z"
  }
},
{
  "model": "measurement.measurement",
  "pk": 53,
  "fields": {
    "created_at": "2019-08-28T23:30:31.541Z",
    "updated_at": "2019-08-28T23:30:31.262Z",
    "user": [
      "loader@pnsn.org"
    ],
    "metric": 22,
    "channel": 9,
    "value": 126.368726179,
    "starttime": "2018-02-01T04:00:00Z",
    "endtime": "2018-02-01T05:00:00Z"
  }
},
{
  "model": "measurement.measurement",
  "pk": 54,
  "fields": {
    "created_at": "2019-08-28T23:30:31.545Z",
    "updated_at": "2019-08-28T23:30:31.262Z",
    "user": [
      "loader@pnsn.org"
    ],
    "metric": 23,
    "channel": 9,
    "value": 200.346966363,
    "starttime": "2018-02-01T04:00:00Z",
    "endtime": "2018-02-01T05:00:00Z"
  }
},
{
  "model": "measurement.measurement",
  "pk": 55,
  "fields": {
    "created_at": "2019-08-28T23:30:31.550Z",
    "updated_at": "2019-08-28T23:30:31.262Z",
    "user": [
      "loader@pnsn.org"
    ],
    "metric": 24,
    "channel": 9,
    "value": -1581.0,
    "starttime": "2018-02-01T04:00:00Z",
    "endtime": "2018-02-01T05:00:00Z"
  }
},
{
  "model": "measurement.measurement",
  "pk": 56,
  "fields": {
    "created_at": "2019-08-28T23:30:31.554Z",
    "updated_at": "2019-08-28T23:30:31.262Z",
    "user": [
      "loader@pnsn.org"
    ],
    "metric": 25,
    "channel": 9,
    "value": 1137.0,
    "starttime": "2018-02-01T04:00:00Z",
    "endtime": "2018-02-01T05:00:00Z"
  }
},
{
  "model": "measurement.measurement",
  "pk": 57,
  "fields": {
    "created_at": "2019-08-28T23:30:31.559Z",
    "updated_at": "2019-08-28T23:30:31.262Z",
    "user": [
      "loader@pnsn.org"
    ],
    "metric": 26,
    "channel": 9,
    "value": 3605.06,
    "starttime": "2018-02-01T04:00:00Z",
    "endtime": "2018-02-01T05:00:00Z"
  }
},
{
  "model": "measurement.measurement",
  "pk": 58,
  "fields": {
    "created_at": "2019-08-28T23:30:31.564Z",
    "updated_at": "2019-08-28T23:30:31.262Z",
    "user": [
      "loader@pnsn.org"
    ],
    "metric": 27,
    "channel": 9,
    "value": 3605.06,
    "starttime": "2018-02-01T04:00:00Z",
    "endtime": "2018-02-01T05:00:00Z"
  }
},
{
  "model": "measurement.measurement",
  "pk": 59,
  "fields": {
    "created_at": "2019-08-28T23:30:31.568Z",
    "updated_at": "2019-08-28T23:30:31.262Z",
    "user": [
      "loader@pnsn.org"
    ],
    "metric": 28,
    "channel": 9,
    "value": 100.001664355,
    "starttime": "2018-02-01T04:00:00Z",
    "endtime": "2018-02-01T05:00:00Z"
  }
},
{
  "model": "measurement.measurement",
  "pk": 60,
  "fields": {
    "created_at": "2019-08-28T23:30:31.572Z",
    "updated_at": "2019-08-28T23:30:31.262Z",
    "user": [
      "loader@pnsn.org"
    ],
    "metric": 29,
    "channel": 9,
    "value": 0.0,
    "starttime": "2018-02-01T04:00:00Z",
    "endtime": "2018-02-01T05:00:00Z"
  }
},
{
  "model": "measurement.measurement",
  "pk": 61,
  "fields": {
    "created_at": "2019-08-28T23:30:31.576Z",
    "updated_at": "2019-08-28T23:30:31.262Z",
    "user": [
      "loader@pnsn.org"
    ],
    "metric": 30,
    "channel": 9,
    "value": 0.0,
    "starttime": "2018-02-01T04:00:00Z",
    "endtime": "2018-02-01T05:00:00Z"
  }
},
{
  "model": "measurement.measurement",
  "pk": 62,
  "fields": {
    "created_at": "2019-08-28T23:30:31.580Z",
    "updated_at": "2019-08-28T23:30:31.262Z",
    "user": [
      "loader@pnsn.org"
    ],
    "metric": 31,
    "channel": 9,
    "value": 0.0,
    "starttime": "2018-02-01T04:00:00Z",
    "endtime": "2018-02-01T05:00:00Z"
  }
},
{
  "model": "measurement.measurement",
  "pk": 63,
  "fields": {
    "created_at": "2019-08-28T23:30:31.585Z",
    "updated_at": "2019-08-28T23:30:31.262Z",
    "user": [
      "loader@pnsn.org"
    ],
    "metric": 32,
    "channel": 9,
    "value": 0.0,
    "starttime": "2018-02-01T04:00:00Z",
    "endtime": "2018-02-01T05:00:00Z"
  }
},
{
  "model": "measurement.measurement",
  "pk": 64,
  "fields": {
    "created_at": "2019-08-28T23:30:31.589Z",
    "updated_at": "2019-08-28T23:30:31.262Z",
    "user": [
      "loader@pnsn.org"
    ],
    "metric": 33,
    "channel": 9,
    "value": 0.0,
    "starttime": "2018-02-01T04:00:00Z",
    "endtime": "2018-02-01T05:00:00Z"
  }
},
{
  "model": "measurement.threshold",
  "pk": 1,
  "fields": {
    "created_at": "2019-10-16T22:00:52.799Z",
    "user": [
      "loader@pnsn.org"
    ],
    "widget": 1,
    "metric": 2,
    "minval": 1.0,
    "maxval": 2.0,
    "updated_at": "2019-10-16T22:00:52.799Z"
  }
},
{
  "model": "measurement.threshold",
  "pk": 2,
  "fields": {
    "created_at": "2019-10-16T22:00:52.799Z",
    "user": [
      "loader@pnsn.org"
    ],
    "widget": 2,
    "metric": 2,
    "minval": 1.0,
    "maxval": 2.0,
    "updated_at": "2019-10-16T22:00:52.799Z"
  }
},
{
  "model": "measurement.threshold",
  "pk": 3,
  "fields": {
    "created_at": "2019-10-16T22:00:52.799Z",
    "user": [
      "loader@pnsn.org"
    ],
    "widget": 1,
    "metric": 2,
    "minval": 1.0,
    "maxval": 2.0,
    "updated_at": "2019-10-16T22:00:52.799Z"
  }
},
{
  "model": "dashboard.widgettype",
  "pk": 1,
  "fields": {
    "name": "",
    "description": "",
    "created_at": "2019-08-28T23:30:52.170Z",
    "updated_at": "2019-08-28T23:30:52.170Z",
    "user": [
      "loader@pnsn.org"
    ],
    "type": "Tabular"
  }
},
{
  "model": "dashboard.widgettype",
  "pk": 2,
  "fields": {
    "name": "",
    "description": "",
    "created_at": "2019-08-28T23:30:52.171Z",
    "updated_at": "2019-08-28T23:30:52.171Z",
    "user": [
      "loader@pnsn.org"
    ],
    "type": "Map"
  }
},
{
  "model": "dashboard.stattype",
  "pk": 1,
  "fields": {
    "name": "Average",
    "description": "",
    "created_at": "2019-10-16T22:00:52.775Z",
    "updated_at": "2019-10-16T22:00:52.775Z",
    "user": [
      "loader@pnsn.org"
    ],
    "type": "ave"
  }
},
{
  "model": "dashboard.stattype",
  "pk": 2,
  "fields": {
    "name": "Median",
    "description": "",
    "created_at": "2019-10-16T22:00:52.778Z",
    "updated_at": "2019-10-16T22:00:52.778Z",
    "user": [
      "loader@pnsn.org"
    ],
    "type": "med"
  }
},
{
  "model": "dashboard.stattype",
  "pk": 3,
  "fields": {
    "name": "Minimum",
    "description": "",
    "created_at": "2019-10-16T22:00:52.781Z",
    "updated_at": "2019-10-16T22:00:52.781Z",
    "user": [
      "loader@pnsn.org"
    ],
    "type": "min"
  }
},

{
  "model": "dashboard.stattype",
  "pk": 5,
  "fields": {
    "name": "Sample Count",
    "description": "",
    "created_at": "2019-10-16T22:00:52.786Z",
    "updated_at": "2019-10-16T22:00:52.786Z",
    "user": [
      "loader@pnsn.org"
    ],
    "type": "num_samp"
  }
},
{
  "model": "dashboard.stattype",
  "pk": 6,
  "fields": {
    "name": "99th percentile",
    "description": "",
    "created_at": "2019-10-16T22:00:52.789Z",
    "updated_at": "2019-10-16T22:00:52.789Z",
    "user": [
      "loader@pnsn.org"
    ],
    "type": "p99"
  }
},
{
  "model": "dashboard.stattype",
  "pk": 7,
  "fields": {
    "name": "95th percentile",
    "description": "",
    "created_at": "2019-10-16T22:00:52.792Z",
    "updated_at": "2019-10-16T22:00:52.792Z",
    "user": [
      "loader@pnsn.org"
    ],
    "type": "p95"
  }
},
{
  "model": "dashboard.stattype",
  "pk": 8,
  "fields": {
    "name": "90th percentile",
    "description": "",
    "created_at": "2019-10-16T22:00:52.794Z",
    "updated_at": "2019-10-16T22:00:52.794Z",
    "user": [
      "loader@pnsn.org"
    ],
    "type": "p90"
  }
},
{
  "model": "dashboard.stattype",
  "pk": 9,
  "fields": {
    "name": "50th percentile",
    "description": "",
    "created_at": "2019-10-16T22:00:52.797Z",
    "updated_at": "2019-10-16T22:00:52.797Z",
    "user": [
      "loader@pnsn.org"
    ],
    "type": "p50"
  }
},
{
  "model": "dashboard.stattype",
  "pk": 10,
  "fields": {
    "name": "10th percentile",
    "description": "",
    "created_at": "2019-10-16T22:00:52.799Z",
    "updated_at": "2019-10-16T22:00:52.799Z",
    "user": [
      "loader@pnsn.org"
    ],
    "type": "p10"
  }
},
{
  "model": "dashboard.dashboard",
  "pk": 1,
  "fields": {
    "name": "Test US-All dashboard",
    "description": "",
    "created_at": "2019-08-28T23:30:52.148Z",
    "updated_at": "2019-08-28T23:30:52.148Z",
    "share_all": true,
    "organization": 1,
    "user": [
      "loader@pnsn.org"
    ]
  }
},
{
  "model": "dashboard.dashboard",
  "pk": 2,
  "fields": {
    "name": "Test LB-All dashboard",
    "description": "",
    "created_at": "2019-08-28T23:30:52.150Z",
    "updated_at": "2019-08-28T23:30:52.150Z",
    "share_all": true,
    "organization": 1,

    "user": [
      "loader@pnsn.org"
    ]
  }
},
{
  "model": "dashboard.dashboard",
  "pk": 3,
  "fields": {
    "name": "Test UW-All dashboard",
    "description": "",
    "created_at": "2019-08-28T23:30:52.152Z",
    "updated_at": "2019-08-28T23:30:52.152Z",
    "share_all": true,
    "organization": 1,
    "user": [
      "loader@pnsn.org"
    ]
  }
},
{
  "model": "dashboard.dashboard",
  "pk": 4,
  "fields": {
    "name": "Test NV-All dashboard",
    "description": "",
    "created_at": "2019-08-28T23:30:52.153Z",
    "updated_at": "2019-08-28T23:30:52.153Z",
    "share_all": true,
    "organization": 1,
    "user": [
      "loader@pnsn.org"
    ]
  }
},
{
  "model": "dashboard.dashboard",
  "pk": 5,
  "fields": {
    "name": "Test IU-All dashboard",
    "description": "",
    "created_at": "2019-08-28T23:30:52.154Z",
    "updated_at": "2019-08-28T23:30:52.154Z",
    "share_all": true,
    "organization": 1,
    "user": [
      "loader@pnsn.org"
    ]
  }
},
{
  "model": "dashboard.dashboard",
  "pk": 6,
  "fields": {
    "name": "Test NC-All dashboard",
    "description": "",
    "created_at": "2019-08-28T23:30:52.155Z",
    "updated_at": "2019-08-28T23:30:52.155Z",
    "share_all": true,
    "organization": 1,
    "user": [
      "loader@pnsn.org"
    ]
  }
},
{
  "model": "dashboard.widget",
  "pk": 1,
  "fields": {
    "name": "Test US-All dashboard tab widget",
    "description": "",
    "created_at": "2019-08-28T23:30:52.173Z",
    "updated_at": "2019-08-28T23:30:52.173Z",
    "user": [
      "loader@pnsn.org"
    ],
    "dashboard": 1,
    "widgettype": 1,
    "stattype": 1,
    "channel_group": 1,
    "columns": 6,
    "rows": 3,
    "x_position": 1,
    "y_position": 1,
    "metrics": [
      2,
      3,
      4,
      5,
      6,
      7,
      8,
      9,
      10,
      11,
      12,
      13,
      14,
      15,
      16,
      17,
      18,
      19,
      20,
      21,
      22,
      23,
      24,
      25,
      26,
      27,
      28,
      29,
      30,
      31,
      32,
      33
    ]
  }
},
{
  "model": "dashboard.widget",
  "pk": 2,
  "fields": {
    "name": "Test US-All dashboard map widget",
    "description": "",
    "created_at": "2019-08-28T23:30:52.175Z",
    "updated_at": "2019-08-28T23:30:52.175Z",
    "user": [
      "loader@pnsn.org"
    ],
    "dashboard": 1,
    "widgettype": 2,
    "stattype": 1,
    "channel_group": 1,
    "columns": 6,
    "rows": 3,
    "x_position": 1,
    "y_position": 1,
    "metrics": [
      22
    ]
  }
},
{
  "model": "dashboard.widget",
  "pk": 3,
  "fields": {
    "name": "Test LB-All dashboard tab widget",
    "description": "",
    "created_at": "2019-08-28T23:30:52.274Z",
    "updated_at": "2019-08-28T23:30:52.274Z",
    "user": [
      "loader@pnsn.org"
    ],
    "dashboard": 2,
    "widgettype": 1,
    "stattype": 1,
    "channel_group": 2,
    "columns": 6,
    "rows": 3,
    "x_position": 1,
    "y_position": 1,
    "metrics": [
      2,
      3,
      4,
      5,
      6,
      7,
      8,
      9,
      10,
      11,
      12,
      13,
      14,
      15,
      16,
      17,
      18,
      19,
      20,
      21,
      22,
      23,
      24,
      25,
      26,
      27,
      28,
      29,
      30,
      31,
      32,
      33
    ]
  }
},
{
  "model": "dashboard.widget",
  "pk": 4,
  "fields": {
    "name": "Test LB-All dashboard map widget",
    "description": "",
    "created_at": "2019-08-28T23:30:52.275Z",
    "updated_at": "2019-08-28T23:30:52.276Z",
    "user": [
      "loader@pnsn.org"
    ],
    "dashboard": 2,
    "widgettype": 2,
    "stattype": 1,
    "channel_group": 1,
    "columns": 6,
    "rows": 3,
    "x_position": 1,
    "y_position": 1,
    "metrics": [
      22
    ]
  }
},
{
  "model": "dashboard.widget",
  "pk": 5,
  "fields": {
    "name": "Test UW-All dashboard tab widget",
    "description": "",
    "created_at": "2019-08-28T23:30:52.375Z",
    "updated_at": "2019-08-28T23:30:52.375Z",
    "user": [
      "loader@pnsn.org"
    ],
    "dashboard": 3,
    "widgettype": 1,
    "stattype": 1,
    "channel_group": 3,
    "columns": 6,
    "rows": 3,
    "x_position": 1,
    "y_position": 1,
    "metrics": [
      2,
      3,
      4,
      5,
      6,
      7,
      8,
      9,
      10,
      11,
      12,
      13,
      14,
      15,
      16,
      17,
      18,
      19,
      20,
      21,
      22,
      23,
      24,
      25,
      26,
      27,
      28,
      29,
      30,
      31,
      32,
      33
    ]
  }
},
{
  "model": "dashboard.widget",
  "pk": 6,
  "fields": {
    "name": "Test UW-All dashboard map widget",
    "description": "",
    "created_at": "2019-08-28T23:30:52.376Z",
    "updated_at": "2019-08-28T23:30:52.376Z",
    "user": [
      "loader@pnsn.org"
    ],
    "dashboard": 3,
    "widgettype": 2,
    "stattype": 1,
    "channel_group": 3,
    "columns": 6,
    "rows": 3,
    "x_position": 1,
    "y_position": 1,
    "metrics": [
      22
    ]
  }
},
{
  "model": "dashboard.widget",
  "pk": 7,
  "fields": {
    "name": "Test NV-All dashboard tab widget",
    "description": "",
    "created_at": "2019-08-28T23:30:52.476Z",
    "updated_at": "2019-08-28T23:30:52.476Z",
    "user": [
      "loader@pnsn.org"
    ],
    "dashboard": 4,
    "widgettype": 1,
    "stattype": 1,
    "channel_group": 4,
    "columns": 6,
    "rows": 3,
    "x_position": 1,
    "y_position": 1,
    "metrics": [
      2,
      3,
      4,
      5,
      6,
      7,
      8,
      9,
      10,
      11,
      12,
      13,
      14,
      15,
      16,
      17,
      18,
      19,
      20,
      21,
      22,
      23,
      24,
      25,
      26,
      27,
      28,
      29,
      30,
      31,
      32,
      33
    ]
  }
},
{
  "model": "dashboard.widget",
  "pk": 8,
  "fields": {
    "name": "Test NV-All dashboard map widget",
    "description": "",
    "created_at": "2019-08-28T23:30:52.478Z",
    "updated_at": "2019-08-28T23:30:52.478Z",
    "user": [
      "loader@pnsn.org"
    ],
    "dashboard": 4,
    "widgettype": 2,
    "stattype": 1,
    "channel_group": 4,
    "columns": 6,
    "rows": 3,
    "x_position": 1,
    "y_position": 1,
    "metrics": [
      22
    ]
  }
},
{
  "model": "dashboard.widget",
  "pk": 9,
  "fields": {
    "name": "Test IU-All dashboard tab widget",
    "description": "",
    "created_at": "2019-08-28T23:30:52.573Z",
    "updated_at": "2019-08-28T23:30:52.573Z",
    "user": [
      "loader@pnsn.org"
    ],
    "dashboard": 5,
    "widgettype": 1,
    "stattype": 1,
    "channel_group": 5,
    "columns": 6,
    "rows": 3,
    "x_position": 1,
    "y_position": 1,
    "metrics": [
      2,
      3,
      4,
      5,
      6,
      7,
      8,
      9,
      10,
      11,
      12,
      13,
      14,
      15,
      16,
      17,
      18,
      19,
      20,
      21,
      22,
      23,
      24,
      25,
      26,
      27,
      28,
      29,
      30,
      31,
      32,
      33
    ]
  }
},
{
  "model": "dashboard.widget",
  "pk": 10,
  "fields": {
    "name": "Test IU-All dashboard map widget",
    "description": "",
    "created_at": "2019-08-28T23:30:52.574Z",
    "updated_at": "2019-08-28T23:30:52.574Z",
    "user": [
      "loader@pnsn.org"
    ],
    "dashboard": 5,
    "widgettype": 2,
    "stattype": 1,
    "channel_group": 5,
    "columns": 6,
    "rows": 3,
    "x_position": 1,
    "y_position": 1,
    "metrics": [
      22
    ]
  }
},
{
  "model": "dashboard.widget",
  "pk": 11,
  "fields": {
    "name": "Test NC-All dashboard tab widget",
    "description": "",
    "created_at": "2019-08-28T23:30:52.674Z",
    "updated_at": "2019-08-28T23:30:52.674Z",
    "user": [
      "loader@pnsn.org"
    ],
    "dashboard": 6,
    "widgettype": 1,
    "stattype": 1,
    "channel_group": 6,
    "columns": 6,
    "rows": 3,
    "x_position": 1,
    "y_position": 1,
    "metrics": [
      2,
      3,
      4,
      5,
      6,
      7,
      8,
      9,
      10,
      11,
      12,
      13,
      14,
      15,
      16,
      17,
      18,
      19,
      20,
      21,
      22,
      23,
      24,
      25,
      26,
      27,
      28,
      29,
      30,
      31,
      32,
      33
    ]
  }
},
{
  "model": "dashboard.widget",
  "pk": 12,
  "fields": {
    "name": "Test NC-All dashboard map widget",
    "description": "",
    "created_at": "2019-08-28T23:30:52.675Z",
    "updated_at": "2019-08-28T23:30:52.675Z",
    "user": [
      "loader@pnsn.org"
    ],
    "dashboard": 6,
    "widgettype": 2,
    "stattype": 1,
    "channel_group": 6,
    "columns": 6,
    "rows": 3,
    "x_position": 1,
    "y_position": 1,
    "metrics": [
      22
    ]
  }
},
{
  "model": "authtoken.token",
  "pk": "ec22439b173c961324b909b6cc5dc70c57a6b6d8",
  "fields": {
    "user": [
      "loader@pnsn.org"
    ],
    "created": "2019-08-21T21:50:03.474Z"
  }
}
]
